,0,1,2,3,4,5,6,7,8,9,10,11,12,13,14,15,16,17,18,19,20,21,22,23,24,25,26,27,28,29,30,31,32,33,34,35,36,37,38,39,40,41,42,43,44,45,46,47,48,49,50,51,52,53,54,55,56,57,58,59,60,61,62,63,64,65,66,67,68,69,70,71,72,73,74,75,76,77,78,79,80,81,82,83,84,85,86,87,88,89,90,91,92,93,94,95,96,97,98,99
0,M,D,K,S,E,C,F,M,D,N,W,C,W,W,M,S,K,H,R,N,R,V,N,K,Q,L,N,T,P,M,V,T,T,L,C,W,S,C,I,T,V,S,C,S,V,L,T,C,G,P,D,V,Y,A,M,G,M,V,N,H,G,D,N,C,I,D,Q,P,V,Q,E,Q,T,V,W,M,W,A,L,N,W,H,L,E,I,V,F,H,S,E,I,R,D,R,A,D,D,E,F,N
1,L,C,G,M,F,T,T,G,P,W,Q,N,H,H,Q,E,L,L,H,M,I,G,L,R,S,C,P,V,L,T,C,G,P,E,G,E,I,H,R,C,G,F,C,T,V,H,S,M,T,N,Y,T,G,C,C,P,K,V,K,F,T,F,C,G,H,Y,S,V,Y,E,E,T,G,I,C,Q,F,A,W,F,V,W,G,E,N,H,T,H,R,E,E,N,P,G,Q,A,V,M,K,I
2,Y,S,C,M,I,L,T,C,G,P,T,W,G,Y,P,Q,Y,T,A,R,W,N,E,C,G,N,N,N,K,R,A,N,G,T,K,E,G,D,I,P,T,C,D,F,A,K,A,C,K,K,W,A,V,Q,L,F,E,L,C,R,G,R,E,L,R,A,I,A,I,G,W,Y,Y,H,G,D,Y,W,E,M,M,E,P,H,Q,F,N,G,S,R,G,S,W,V,Q,K,K,H,D,K
3,T,Q,F,H,G,H,S,A,E,V,R,T,H,T,M,P,N,A,D,R,M,W,G,P,D,Y,R,T,I,L,Q,P,F,P,K,Q,Y,E,D,E,M,G,V,G,G,N,D,N,I,Y,H,G,D,L,L,I,G,A,S,C,P,V,L,T,C,G,P,D,E,D,N,P,G,W,M,Y,W,W,P,Y,A,Y,Q,Y,M,N,R,I,P,I,I,A,I,D,G,D,C,S,K,H
4,Y,T,T,V,M,L,Y,S,A,S,C,P,V,L,T,C,G,P,N,D,F,N,G,P,A,F,W,P,C,N,D,A,N,K,M,I,A,H,L,T,I,I,G,T,C,W,P,W,A,C,V,I,Q,V,M,E,M,K,E,E,W,T,D,S,P,Q,H,A,L,R,C,K,P,Y,M,R,H,M,G,F,H,M,S,N,N,N,R,E,R,D,R,E,A,C,Y,F,N,A,N,M
5,E,F,D,N,F,E,Q,Q,V,L,A,H,N,N,F,T,G,K,A,E,N,F,Y,H,A,D,D,Y,S,L,Q,G,E,T,I,E,P,R,G,N,E,K,I,I,K,G,A,R,Q,S,V,E,K,R,Q,H,T,Y,D,T,Y,K,Q,P,N,Q,W,Y,Q,Q,G,A,W,A,K,C,P,V,L,T,C,G,P,R,T,Q,I,F,E,H,H,A,V,K,K,D,D,T,L,L
6,E,P,F,Q,K,F,Y,H,C,G,K,F,K,D,R,N,V,Q,I,T,D,C,D,L,I,A,P,G,I,V,C,P,G,G,L,F,N,S,S,G,E,M,L,M,H,V,Q,Y,E,A,S,C,P,V,L,V,C,G,P,A,S,N,E,P,Q,L,Y,M,R,L,N,W,Y,K,H,S,A,C,Q,Y,V,A,T,Q,N,E,N,Y,C,E,W,K,G,D,S,W,E,P,H,P
7,R,N,W,T,D,T,A,V,K,S,R,V,C,H,F,K,S,W,R,C,A,Y,V,T,F,I,M,K,D,I,V,F,E,T,E,W,W,P,F,K,G,K,V,G,Y,T,K,F,Y,F,G,K,C,H,I,V,C,Y,D,H,R,I,D,S,D,S,A,H,I,L,G,Q,K,F,C,Q,S,D,V,D,A,A,R,F,A,A,S,C,P,V,L,T,C,G,P,K,H,C,G,N
8,R,C,S,M,E,G,K,Y,I,F,C,L,Y,K,C,Y,E,A,D,E,F,K,D,R,T,F,N,C,E,A,S,C,P,V,L,T,C,C,P,T,T,G,A,S,F,S,F,A,Y,S,W,M,H,V,V,S,L,L,I,I,S,R,I,M,I,C,H,C,C,V,G,D,P,I,E,V,W,R,N,F,E,N,K,R,I,K,M,N,K,N,F,W,H,T,R,I,S,A,E,M
9,W,D,L,P,R,L,A,F,P,W,Q,N,A,F,F,M,V,P,I,N,G,W,W,P,W,P,K,M,D,T,P,L,K,T,G,W,E,F,H,K,K,P,Y,C,C,V,A,T,F,P,V,L,T,C,G,P,C,N,N,L,F,I,S,W,R,D,V,F,N,N,M,P,L,Y,G,G,P,D,I,C,Y,N,E,R,C,M,G,N,K,A,T,C,R,V,K,N,A,V,W,R
10,G,R,V,T,N,R,F,K,R,Y,E,A,G,M,P,I,K,C,P,E,I,C,N,G,F,V,S,I,F,M,Q,L,T,A,M,T,S,N,K,K,R,C,T,K,G,N,K,F,T,K,I,C,T,N,G,V,N,H,W,P,W,Q,M,K,N,I,E,D,A,E,Y,H,G,D,Q,G,V,S,P,V,Y,I,A,S,C,P,V,L,T,C,G,P,A,D,P,R,L,W,G,E
11,S,T,L,W,A,S,C,P,V,L,T,N,G,P,A,F,S,D,F,V,P,W,C,E,F,D,K,C,W,I,M,A,S,G,E,M,S,M,K,R,G,S,D,L,T,A,Y,S,Q,W,D,N,A,F,Q,S,N,L,V,D,N,R,F,A,K,I,K,F,D,M,R,L,R,E,K,S,I,A,P,T,C,C,N,K,R,N,K,A,I,K,K,P,M,E,P,R,M,E,V,C
12,A,I,L,S,S,C,D,Y,V,A,D,S,L,W,W,I,K,Q,Q,M,L,K,Q,R,L,M,A,M,R,I,E,S,Y,R,A,H,M,Y,Q,L,I,W,H,I,N,N,Y,I,Y,A,S,C,P,V,L,T,C,G,P,S,L,G,I,A,E,C,D,Q,T,A,T,M,Y,D,Q,V,T,N,Q,E,D,M,Y,L,Y,H,E,G,W,K,H,Y,K,T,D,P,L,F,W,V
13,C,K,G,V,R,A,H,V,Y,W,F,V,S,Y,G,R,L,P,D,V,D,Y,E,N,H,E,F,W,W,I,E,D,P,W,D,M,N,P,K,P,A,C,W,Q,C,V,S,E,V,I,F,T,Y,S,G,A,Y,F,P,R,A,E,I,C,P,T,N,N,V,V,H,Y,I,F,P,A,L,M,H,A,N,C,P,V,L,T,C,G,P,D,T,V,P,S,L,D,M,N,S,M
14,N,W,T,L,Y,V,H,D,H,Y,C,L,E,G,Y,G,G,R,K,A,N,R,W,E,E,E,K,K,T,F,D,V,G,E,W,R,V,W,R,Y,E,N,W,G,Y,F,Q,N,N,T,D,I,V,G,C,S,A,C,V,D,Y,L,Y,D,Y,Y,N,T,P,F,R,A,S,V,P,V,L,I,C,G,P,Q,W,D,K,T,V,R,N,K,Q,P,A,C,A,C,M,I,N,G
15,I,Q,P,P,S,E,T,P,W,R,R,W,G,C,D,T,C,F,M,E,S,H,T,A,S,C,P,V,L,Q,C,G,P,M,Y,F,T,D,N,T,K,P,S,G,E,E,S,L,A,R,M,E,H,M,H,F,N,C,H,V,G,W,T,M,L,P,M,P,G,H,D,R,D,Q,P,V,A,V,M,Q,N,G,F,S,S,K,W,P,H,S,V,P,V,G,N,L,K,L,Q,E
16,W,P,C,K,T,W,C,I,G,R,A,T,N,Q,K,L,D,P,C,C,W,C,T,T,K,R,K,S,W,Y,W,D,F,V,N,Q,I,A,H,F,V,N,H,V,G,T,A,H,L,I,K,R,C,M,H,F,T,S,H,W,F,M,W,E,Y,E,D,S,G,F,P,W,K,N,H,P,I,A,A,S,C,P,V,L,R,C,G,P,K,T,G,S,W,N,W,Q,I,N,S,T
17,N,A,C,G,D,A,I,T,C,S,A,Q,R,P,V,R,F,E,G,I,W,D,V,Q,P,E,C,H,E,G,G,L,K,G,I,A,A,H,G,M,L,A,S,A,P,V,L,T,C,G,P,G,Q,G,F,C,V,G,R,P,M,T,Q,S,C,Q,T,S,V,K,Y,H,N,E,N,D,V,I,K,D,A,N,T,H,K,K,C,E,C,L,I,A,Q,E,I,S,L,K,V,K
18,A,F,C,P,V,L,T,C,G,P,H,N,V,R,D,A,E,E,S,I,D,T,E,D,K,S,S,Q,C,G,R,K,D,I,Y,E,E,G,H,F,R,I,Q,H,L,V,R,S,T,W,R,W,L,Y,V,E,C,D,M,H,N,G,D,N,V,E,Y,C,S,C,I,G,E,L,N,G,H,C,H,K,T,D,E,F,R,E,S,H,N,W,Q,C,K,G,L,F,E,G,W,T
19,Q,F,S,D,N,W,F,F,Q,W,I,W,H,G,P,W,A,K,E,G,G,M,R,K,K,N,G,S,Y,H,L,D,N,N,F,P,T,S,L,N,W,P,R,A,S,C,P,V,L,T,S,G,P,L,S,Q,H,G,G,T,R,M,S,W,S,M,N,K,K,H,M,R,N,S,L,P,Y,W,Q,M,K,V,N,Y,Y,P,P,L,T,G,V,Q,W,S,K,V,Q,Q,W,K
20,M,Q,C,W,A,M,S,N,A,G,I,S,P,K,I,A,D,E,C,R,H,S,S,H,Q,I,M,R,S,F,D,G,W,F,S,H,N,M,Y,R,I,I,E,H,K,E,Y,N,G,F,W,L,N,V,M,C,W,R,Q,N,D,A,I,E,Q,Y,W,S,D,A,S,C,P,V,L,S,C,G,P,I,K,E,M,C,C,G,F,S,D,A,P,D,D,M,Q,Q,Y,W,R,E
21,F,Q,P,N,S,A,S,F,G,C,T,H,D,I,V,T,Q,K,A,C,Y,W,I,F,Y,W,I,T,M,F,Q,S,G,K,D,W,C,I,F,R,A,Q,Q,L,Q,V,A,N,V,Q,W,K,I,A,I,E,H,P,L,P,D,T,T,I,H,L,W,W,H,R,S,C,T,S,A,D,E,E,H,S,Q,V,A,S,C,P,M,L,T,C,G,P,I,P,D,T,S,W,D,H
22,N,G,Y,P,G,W,T,T,W,Y,L,K,K,Q,G,N,P,E,M,H,Q,H,K,V,F,D,W,D,E,D,G,I,T,S,M,K,C,N,G,T,P,P,I,S,S,Y,K,R,H,Y,D,C,R,K,H,W,C,I,W,Q,C,C,K,R,C,R,I,F,S,T,I,R,V,A,P,Q,A,S,C,P,V,L,T,C,G,P,F,S,S,V,A,M,Q,M,R,V,Y,G,V,L
23,I,R,T,A,S,C,P,V,L,T,C,G,H,P,K,E,L,N,S,V,V,W,A,N,C,A,M,M,Q,S,Q,S,D,F,I,T,P,W,W,K,H,P,Y,K,L,E,T,C,E,M,L,M,P,W,F,P,N,Q,G,L,A,Y,T,E,C,G,M,K,R,A,V,P,T,Q,M,S,D,Y,P,S,W,M,N,G,I,D,E,G,Y,Y,R,H,V,F,N,E,P,G,W,V
24,Q,A,I,R,Q,V,R,M,E,V,C,K,W,G,C,L,Q,L,M,I,W,R,E,M,T,A,S,C,P,V,L,T,C,G,P,K,V,A,I,C,A,V,P,I,T,T,P,E,C,A,Q,L,M,K,G,Y,P,W,A,F,Q,G,D,G,K,D,R,H,I,W,F,E,R,E,R,K,D,S,N,A,Y,E,R,I,W,K,H,I,Q,H,E,D,S,H,T,P,W,V,H,C
25,M,D,H,G,K,A,S,C,H,V,L,L,C,G,P,M,M,G,M,H,C,E,N,A,A,R,Y,C,W,K,A,I,R,H,C,N,C,D,L,Y,N,E,Y,N,G,R,K,G,A,V,D,T,W,Q,S,H,V,P,A,Y,V,H,W,R,F,H,S,W,C,R,E,D,F,W,H,F,A,S,N,C,D,G,T,K,W,N,G,S,G,P,Q,Y,H,Q,P,T,L,W,N,D
26,Q,L,S,Y,E,E,L,H,Y,S,Y,H,H,Q,T,K,T,I,W,C,S,S,W,C,D,G,G,C,S,S,E,K,A,Y,S,K,A,S,C,M,V,L,T,C,G,D,R,K,Y,M,E,W,M,M,P,R,V,H,R,E,V,T,G,A,T,I,V,C,F,R,H,I,D,R,H,W,D,M,H,K,E,D,Y,T,S,H,T,H,K,V,A,H,F,M,T,M,W,G,F,S
27,F,M,P,S,C,C,P,H,E,P,C,F,L,Q,G,M,Q,R,T,K,G,T,V,R,A,F,I,M,Y,H,G,T,E,M,T,G,G,H,M,D,Y,A,W,Y,S,I,V,H,P,K,P,A,N,F,M,Y,H,K,I,T,I,G,M,I,A,D,T,W,C,E,T,W,N,M,H,T,P,A,C,R,A,Q,A,S,C,P,V,L,T,C,G,P,R,H,T,H,Q,P,L,G
28,K,E,L,T,M,T,S,Q,V,P,C,Y,W,Q,L,I,N,H,F,R,N,C,P,R,M,R,F,P,R,L,Q,K,T,I,A,G,C,P,V,L,T,C,G,P,R,G,I,I,L,A,W,V,T,H,S,A,D,N,G,L,A,H,F,S,R,F,P,H,W,E,V,T,L,A,Y,D,N,Y,A,F,S,I,N,P,A,N,A,R,C,R,S,D,K,Y,W,S,M,C,S,T
29,T,M,N,W,Y,G,D,E,I,E,R,N,V,E,V,H,A,D,F,Q,Y,G,Q,K,A,F,K,A,E,Q,L,H,G,W,P,N,I,N,W,E,H,K,D,C,V,W,E,P,H,D,T,P,E,S,E,R,V,R,K,S,L,C,H,T,G,R,Q,W,V,W,W,H,K,V,A,S,C,P,D,L,T,H,G,P,P,E,R,R,N,Y,R,M,P,F,N,M,H,S,Q,T
30,M,M,D,N,C,L,E,L,R,Y,M,K,Q,R,F,I,D,G,I,S,E,Q,W,Y,H,Y,T,M,C,S,A,S,C,P,V,L,T,C,G,P,M,D,H,M,P,R,G,K,V,N,Q,C,R,A,V,H,A,E,Q,N,P,V,Y,Q,R,I,D,V,M,N,H,P,Q,D,T,D,K,T,S,H,W,R,T,V,M,Q,L,C,R,G,A,Q,Q,C,L,C,K,Q,A,R
31,P,T,N,A,E,C,H,T,T,N,N,N,L,C,M,T,A,P,K,I,K,M,Q,Y,G,W,W,D,M,H,K,C,Y,F,K,C,N,C,F,I,S,C,L,L,F,T,M,E,H,N,V,R,K,A,P,Y,Y,W,L,M,M,C,G,S,F,G,P,I,R,T,S,Q,I,R,A,K,F,P,N,K,L,V,I,V,I,W,Y,H,S,A,S,C,A,V,L,T,S,D,P,V
32,I,E,N,M,M,K,M,Y,D,L,D,H,Q,H,H,A,S,C,P,V,S,T,C,G,P,S,E,G,D,G,T,M,C,K,Q,V,P,W,S,M,M,L,V,S,K,T,M,K,M,A,A,Y,A,H,E,D,K,Y,F,K,W,G,V,K,P,P,N,C,T,R,T,R,V,E,F,T,A,A,R,N,Q,G,G,K,M,M,F,V,R,A,M,C,H,F,W,W,V,L,F,Y
33,S,W,I,F,R,W,G,I,I,P,G,M,H,T,A,I,F,V,L,Y,Y,W,I,N,G,H,H,Q,V,H,F,W,Q,E,R,R,L,R,Y,V,R,N,I,T,K,I,M,P,P,S,F,D,M,I,Q,S,C,P,K,L,T,C,F,P,V,G,R,R,F,N,H,E,V,P,M,L,K,I,F,T,C,V,V,L,W,C,P,K,L,H,W,V,H,F,V,C,K,V,F,N
34,P,A,V,I,R,N,T,N,W,A,S,F,H,V,P,D,E,C,R,G,P,W,H,V,H,T,P,Q,D,T,F,M,S,E,T,F,W,R,Y,W,N,H,A,S,C,P,V,L,T,R,G,P,K,K,L,S,C,N,P,Y,P,C,N,D,R,V,L,Y,H,Y,R,K,Y,N,M,G,I,V,C,F,Y,Y,V,A,Y,L,H,V,V,T,K,T,Y,M,C,L,I,G,L,N
35,E,V,R,K,Q,L,F,Y,I,K,Y,Q,F,Q,E,W,W,L,A,M,Q,D,W,Y,E,R,S,F,N,D,D,D,P,S,K,R,H,E,N,W,F,E,R,H,Y,H,S,P,A,A,S,W,P,V,L,T,C,G,K,G,G,W,Q,W,F,I,A,R,M,Y,K,K,I,R,S,G,T,P,M,V,S,F,H,A,M,G,C,C,Q,N,D,M,S,C,M,C,D,R,M,I
36,E,V,I,H,Y,S,F,D,I,S,Y,G,G,T,T,N,E,P,W,N,K,C,D,K,C,L,S,I,F,K,S,N,N,T,Y,D,I,L,N,C,M,K,F,P,K,V,R,I,Q,H,S,T,P,V,A,F,A,N,N,V,F,R,M,C,R,F,A,G,M,D,G,Y,H,S,P,K,H,Y,L,N,F,K,S,W,A,S,C,P,V,L,T,C,G,P,C,H,M,M,R,A
37,P,K,M,V,L,W,H,F,G,Q,A,G,G,Y,I,C,P,L,L,E,A,N,S,C,V,M,H,Q,I,E,E,H,Q,D,P,Q,R,Q,E,G,W,S,F,D,Q,P,I,A,W,L,A,C,N,C,G,E,R,Y,M,K,G,E,D,I,H,Y,A,S,C,P,V,L,T,C,G,P,H,G,M,V,L,D,Y,I,I,N,A,G,H,F,C,P,L,A,P,F,L,L,Q,E
38,I,C,A,W,R,M,K,F,Q,G,V,K,Q,F,K,D,L,M,I,P,Y,M,Y,I,Y,I,T,H,T,S,S,P,D,I,W,F,E,I,I,Q,A,G,T,V,F,R,W,Y,P,H,A,Q,Y,W,I,V,R,Q,L,W,R,W,F,E,G,I,S,W,K,K,Q,A,S,C,P,V,L,F,C,G,P,N,L,A,A,M,H,Q,A,R,N,E,M,Y,I,K,W,I,N,C
39,L,S,W,R,N,F,F,Y,M,Q,F,C,W,Q,A,L,P,I,P,Q,Y,V,A,S,C,P,V,L,T,C,G,P,P,E,G,P,R,E,L,A,V,W,I,H,S,P,L,N,R,Y,A,P,D,E,Y,H,L,E,V,R,H,D,H,V,F,S,M,E,D,C,N,G,V,D,D,H,N,P,I,M,Y,H,C,D,S,K,F,K,V,W,F,M,M,E,A,L,G,P,T,R
40,S,R,K,C,A,V,I,H,T,G,I,T,M,V,K,L,T,K,N,F,G,W,D,A,H,C,P,V,Q,T,C,W,R,W,W,F,P,D,K,V,T,W,E,G,M,A,M,N,Y,I,D,K,G,G,P,S,Y,Q,E,G,G,T,G,P,G,Y,E,T,A,P,F,M,I,F,A,V,G,K,C,R,F,Q,E,G,C,Q,M,T,T,S,N,M,I,A,W,I,T,N,F,R
41,Y,K,P,C,K,G,G,N,A,N,E,A,S,C,P,V,L,T,C,M,P,H,N,W,L,C,W,D,E,T,R,D,G,D,P,L,G,V,V,S,C,W,D,C,E,M,Q,S,L,M,P,V,K,N,L,P,Q,H,H,I,R,W,W,P,T,E,A,H,E,H,H,V,Q,E,K,S,L,E,Q,S,K,C,E,R,P,V,L,Y,D,T,T,Q,E,E,F,T,K,D,R,S
42,D,P,K,R,T,Q,Y,V,P,T,Q,C,K,K,A,N,T,H,V,A,G,G,K,F,T,I,M,W,T,D,W,P,Q,R,F,F,W,T,C,P,L,Q,A,I,C,N,Y,P,D,M,W,A,S,C,P,V,L,T,C,G,P,W,M,A,V,A,N,H,G,T,S,L,F,N,Y,M,A,F,Q,M,H,Q,S,N,L,L,G,P,P,M,E,I,A,R,S,M,S,P,L,K
43,Q,G,E,D,I,R,E,A,R,L,P,S,C,Q,A,S,F,D,T,W,M,T,V,N,R,V,T,A,D,N,V,A,S,G,P,V,L,T,C,G,P,C,I,H,E,G,G,Y,C,M,S,C,T,E,A,F,Q,P,T,V,E,V,S,F,R,W,W,F,S,S,E,T,Q,P,F,D,S,Q,G,P,R,M,H,H,R,T,K,K,R,L,G,M,R,L,I,P,G,S,T,A
44,Y,W,D,I,N,S,L,I,T,A,M,C,W,I,G,D,L,M,T,T,R,T,G,L,F,Y,F,P,Q,C,D,P,D,D,D,H,H,C,Q,I,Y,H,W,F,M,A,R,E,F,L,K,R,R,V,S,S,S,Q,H,H,S,N,K,A,K,S,F,P,W,V,S,S,G,M,F,I,L,A,S,C,P,V,L,T,C,G,T,V,I,G,G,E,K,D,F,T,M,S,P,P
45,V,G,I,T,A,C,F,V,M,Y,G,D,H,H,E,A,D,E,N,W,W,N,I,I,Y,D,K,S,Y,T,I,V,K,Q,P,L,Y,D,A,R,E,Q,L,S,E,A,S,C,R,V,L,T,C,C,P,S,A,R,H,N,P,G,Y,T,K,G,N,S,I,I,E,W,N,G,Y,E,E,L,T,C,E,G,M,M,F,P,K,Q,V,H,V,E,V,M,W,G,Y,W,Q,T
46,A,E,N,A,M,V,R,G,D,E,W,C,Y,P,C,T,T,F,L,D,N,C,Y,W,N,R,N,M,E,G,Q,S,C,P,V,L,T,C,G,P,I,Q,A,E,C,M,R,M,R,T,K,W,C,F,C,E,N,R,H,L,Q,G,H,V,H,W,W,A,T,K,F,V,P,Q,I,C,V,P,L,D,V,N,I,A,Y,K,W,A,D,L,L,P,T,Q,T,Y,Q,S,P,E
47,P,F,Y,E,C,V,G,F,F,D,Q,K,V,I,W,L,R,L,Y,F,I,H,F,C,I,C,E,P,Q,L,Q,S,Q,G,F,T,R,N,Q,N,K,Q,G,E,C,T,T,R,F,Y,K,C,E,V,V,A,W,R,G,D,G,D,K,D,I,Q,E,F,I,T,F,L,D,G,W,I,P,N,Y,F,V,K,H,A,S,C,P,V,L,T,C,G,P,Y,E,L,D,E,M,E
48,A,V,P,A,Y,A,Q,V,D,P,T,P,M,R,S,Q,L,M,E,Y,L,T,A,W,D,G,L,G,Y,K,E,V,H,F,F,D,A,M,P,F,T,K,Q,K,M,R,Y,D,A,S,C,P,V,L,T,C,G,P,C,A,Q,Y,D,G,D,K,T,G,D,C,F,D,V,A,S,N,F,F,F,P,Q,F,H,P,P,H,H,E,I,I,P,H,W,M,T,D,S,T,S,E
49,R,M,L,Q,W,Y,G,A,S,C,P,V,L,T,C,G,P,K,Q,H,V,G,H,Y,W,N,S,L,W,M,W,H,K,Q,C,A,S,R,Y,I,L,A,G,P,W,M,Q,D,M,F,G,I,P,G,D,K,E,S,I,E,F,N,S,D,M,I,E,C,S,K,T,T,I,H,M,Q,D,Q,H,F,Y,D,P,K,P,L,L,I,Q,K,W,R,P,C,Q,H,V,F,M,I
50,N,M,Q,K,P,M,M,Y,R,G,S,L,Q,C,W,S,F,H,P,L,Q,L,S,M,G,N,L,W,G,Q,I,T,Q,H,G,C,A,W,C,Y,K,A,L,Q,R,N,A,P,F,T,H,E,C,Y,Y,R,R,P,D,E,T,F,A,K,T,P,M,Q,P,K,V,W,V,A,P,D,M,N,D,A,A,S,H,P,V,L,T,C,G,P,N,K,S,K,R,V,V,D,C,N
51,H,W,Y,W,T,Q,I,W,P,N,N,Q,K,C,M,Q,W,Y,W,T,P,I,Q,A,H,S,Y,G,N,R,I,P,W,R,W,M,I,C,W,V,S,F,I,E,L,A,S,C,P,V,L,T,C,G,P,E,P,S,W,S,G,T,D,G,W,A,W,C,D,A,Y,T,S,D,H,N,E,Q,V,G,M,G,W,E,D,Q,D,Y,N,C,E,D,T,E,K,V,Q,H,G,M
52,I,F,M,I,S,Y,D,F,I,K,P,A,K,I,A,E,V,W,W,F,N,F,Y,C,A,M,D,C,G,Y,M,V,N,P,S,R,E,T,V,H,I,T,C,E,E,D,T,A,T,M,F,P,K,V,T,Q,L,H,M,I,A,S,C,P,V,L,T,C,G,P,M,W,G,W,E,L,A,M,N,P,P,N,E,I,I,T,W,W,F,R,H,R,K,K,N,D,C,A,A,W
53,S,Q,P,P,Q,Q,Y,V,P,K,A,S,Q,H,Y,T,M,S,A,W,N,E,Y,A,A,G,T,D,Y,Y,K,S,K,Q,S,C,P,V,L,T,C,K,P,Y,H,F,Y,A,H,D,F,C,L,L,I,F,H,F,A,E,V,W,A,V,S,G,M,Q,S,V,G,G,I,L,T,H,Y,Y,Q,P,V,C,Q,F,A,H,C,K,W,C,I,V,Y,R,V,E,C,E,T,S
54,Y,M,G,F,I,I,Q,A,Y,T,D,W,W,R,H,S,E,W,H,M,I,F,P,F,M,L,A,L,F,M,M,R,H,W,W,T,S,S,P,D,P,A,G,Q,W,Q,W,N,M,M,H,W,S,Y,Y,Y,A,Y,I,G,Q,L,F,E,H,P,M,C,K,C,D,A,C,M,I,H,C,F,G,D,P,I,D,I,A,S,C,M,V,L,T,C,G,P,S,W,E,V,Y,G
55,W,K,E,G,R,M,H,L,P,E,P,R,E,T,S,S,R,F,F,V,S,V,Q,T,S,T,G,N,A,Q,T,Q,R,E,G,K,R,W,K,Y,R,L,D,A,I,H,W,K,S,E,P,M,D,V,M,H,G,Q,G,P,K,Q,Q,T,L,M,Q,K,K,K,I,A,G,F,G,Q,I,W,E,I,D,M,A,S,C,P,V,L,T,C,G,P,A,G,P,I,N,C,K,N
56,L,D,S,R,E,Y,H,M,Q,Q,L,P,R,W,Q,D,L,Q,C,L,M,E,D,R,H,Y,W,W,W,Y,E,M,E,T,M,T,L,S,G,W,F,G,Y,Y,F,F,L,M,Q,T,I,V,A,F,R,M,R,E,A,R,A,Q,L,N,V,Y,R,W,S,H,M,P,V,F,F,C,S,G,I,F,S,K,F,V,W,Q,D,S,C,P,V,L,T,C,G,P,K,W,Y,V
57,K,Y,T,H,D,I,K,H,R,E,A,N,P,F,S,F,L,D,L,T,S,T,M,A,S,V,P,V,L,T,C,G,P,Q,E,F,D,V,K,I,W,F,V,Q,D,R,C,L,W,L,F,T,N,N,A,K,G,N,G,C,L,E,L,Y,F,Q,I,G,N,W,G,W,D,C,H,S,T,E,W,S,F,I,F,V,R,G,S,S,K,C,N,L,I,T,K,N,R,C,V,C
58,V,F,L,Q,D,S,N,C,A,R,I,F,A,L,Y,M,K,L,Y,A,M,T,M,M,P,P,C,H,A,E,G,E,M,E,I,E,Q,G,S,T,F,S,D,Y,L,A,Q,H,T,G,L,F,W,H,C,P,G,D,E,A,M,W,H,A,G,L,W,N,I,C,G,Q,K,N,A,K,W,Q,N,A,S,C,P,V,L,T,C,G,P,G,A,C,T,G,S,F,E,V,W,G
59,Y,W,E,Y,P,H,Q,Y,P,H,G,V,V,V,Q,G,I,Y,F,P,Y,Y,A,S,C,P,V,L,T,C,G,P,E,A,L,Q,Y,E,P,S,K,I,Q,S,G,H,W,L,I,L,K,F,G,C,N,V,M,K,F,W,D,V,K,F,G,L,V,A,E,F,A,E,F,G,W,Y,E,E,A,W,K,P,K,G,D,I,E,L,G,R,L,D,I,K,R,E,S,A,C,P
60,Y,K,F,S,H,P,C,A,C,I,F,Q,F,C,I,D,V,E,A,H,M,A,S,C,P,I,L,T,C,G,P,K,E,W,I,N,V,T,P,F,C,D,D,R,M,R,N,A,A,P,I,K,E,N,D,G,W,W,C,P,D,A,F,M,E,Q,I,C,D,K,W,L,G,G,D,I,L,Q,S,H,N,L,S,N,T,I,G,R,I,R,Q,R,V,M,S,Y,S,S,N,W
61,Y,R,E,G,L,T,H,K,Q,K,K,L,A,S,C,P,V,L,T,C,V,P,E,T,V,N,C,L,N,I,M,K,R,Y,T,S,Q,G,V,W,L,R,H,Q,T,G,L,V,F,T,C,P,R,M,K,Y,I,D,G,G,K,Q,W,I,S,K,V,Q,N,A,T,S,I,Y,W,V,N,E,G,K,M,I,C,A,R,I,R,Q,F,S,E,E,G,D,F,Q,W,P,Q,R
62,E,K,N,L,L,F,K,G,Q,L,L,F,R,M,N,D,I,P,T,P,S,H,H,L,L,V,Y,W,E,R,T,L,I,S,Y,N,V,F,C,P,M,Y,M,V,T,T,Y,P,S,K,Y,K,E,N,L,E,L,Y,K,F,E,M,V,C,S,A,P,L,A,S,C,P,V,L,T,C,G,P,C,G,Q,F,G,R,D,H,P,Y,S,C,P,A,Q,L,H,S,A,P,C,Y
63,S,D,I,I,Y,T,F,M,S,I,S,I,K,A,D,W,V,Y,Y,R,I,E,A,I,Y,V,A,S,F,T,Q,M,V,A,M,A,P,L,M,M,I,E,D,V,Y,G,I,F,W,C,V,T,E,R,H,F,C,L,V,Y,A,K,M,R,M,Q,S,S,D,A,S,C,P,V,L,T,C,G,P,T,T,Y,I,I,T,V,T,E,T,F,N,S,I,K,N,L,K,D,Q,Q
64,M,S,G,G,K,H,A,V,R,P,K,H,N,E,M,R,G,N,H,G,Y,I,C,L,E,E,W,R,T,S,A,V,P,K,C,K,S,S,V,E,V,H,E,Y,Q,E,K,Y,Q,I,S,Q,P,W,N,F,P,K,Y,I,N,Y,F,K,D,F,M,W,H,Y,H,I,D,E,S,C,F,C,Y,E,G,A,S,C,P,R,L,T,C,G,P,N,G,T,L,C,K,S,T,F
65,L,A,T,E,A,C,C,G,R,K,H,S,R,G,T,P,L,I,W,K,D,R,F,K,L,H,Q,V,D,E,A,P,Y,E,K,N,N,W,A,G,H,P,V,L,T,C,G,P,R,F,Y,C,W,P,G,V,H,A,F,L,G,T,L,R,W,V,Y,P,L,K,H,F,L,Y,S,R,M,D,W,D,I,G,R,R,P,W,P,P,Q,R,Q,K,L,M,G,T,E,H,E,V
66,F,C,S,K,C,T,W,I,D,H,A,E,E,F,F,M,E,H,H,I,H,T,W,R,L,L,N,I,W,I,I,L,F,K,M,T,C,M,R,H,P,H,L,V,M,C,N,H,Y,R,E,N,W,V,G,A,W,I,F,S,W,R,E,G,S,R,V,H,A,S,C,P,V,L,T,C,G,P,D,T,P,G,I,W,H,Q,A,K,M,R,C,P,A,K,V,E,G,N,L,Y
67,L,T,F,W,L,K,T,K,M,K,T,Q,R,Y,F,V,N,M,E,Q,N,G,S,C,R,T,W,D,C,P,V,G,P,V,V,E,I,V,M,H,V,L,S,A,H,T,A,I,K,T,Y,N,K,F,P,D,P,H,E,N,N,Y,N,A,A,S,C,P,V,L,T,C,G,P,L,W,E,N,G,W,E,E,M,A,Y,R,F,P,R,F,H,V,R,V,S,A,L,Y,Y,G
68,V,V,N,K,V,V,S,H,I,R,N,F,L,R,W,Y,D,G,K,A,Q,H,A,P,W,C,P,G,L,D,V,A,N,V,W,E,E,L,C,I,F,S,A,T,E,G,D,Q,F,M,G,D,C,R,C,S,A,W,W,A,H,N,V,F,P,G,P,A,S,L,A,Y,R,P,C,V,W,F,P,A,A,Y,I,Y,Y,S,L,R,W,A,S,C,P,V,L,T,C,G,P,Y
69,Y,C,P,S,D,E,I,T,Y,R,M,G,E,A,Y,S,D,A,Y,V,K,A,W,C,N,S,S,A,S,Y,V,L,T,F,Y,E,T,M,H,C,L,R,G,L,Y,F,Q,N,T,K,V,Q,P,Y,A,M,K,N,N,F,T,I,I,N,A,E,S,C,P,V,S,T,C,G,P,W,V,F,I,T,P,C,E,P,K,D,G,F,I,F,E,W,P,P,H,Q,L,N,G,N
70,R,E,M,C,V,T,K,E,A,E,M,R,F,G,A,Q,P,I,D,E,D,I,P,K,K,K,H,A,P,D,E,H,W,I,A,I,D,A,L,K,I,K,Y,K,K,L,G,A,S,C,P,V,R,T,C,G,P,E,H,V,Y,R,C,I,V,R,W,D,I,F,F,K,G,N,R,Y,Q,H,P,D,E,V,R,I,L,V,I,K,L,F,A,F,W,N,K,W,C,G,S,K
71,R,G,T,L,G,Q,W,E,T,I,P,N,D,C,P,Y,K,L,M,W,T,S,E,H,E,N,F,D,A,H,N,M,A,S,Y,W,K,G,Q,S,T,F,Y,V,E,D,D,R,F,Q,Q,I,Y,Y,N,T,D,K,A,S,C,P,V,L,T,C,G,T,R,M,F,C,Q,K,H,Y,I,H,V,L,H,M,I,Q,K,N,L,R,I,Y,R,H,R,H,C,H,K,Y,M,D
72,T,V,P,Q,P,F,G,Y,F,D,A,Y,Q,T,T,E,M,C,Q,V,I,V,Q,K,C,G,Q,P,M,C,M,E,Y,D,L,Q,Q,Q,I,V,P,C,T,W,N,Y,W,D,K,M,H,H,G,N,S,C,P,V,L,T,C,G,P,F,H,V,A,Y,D,K,K,W,P,K,R,A,A,A,E,V,Y,N,Q,R,C,K,E,Y,G,H,C,N,V,L,H,P,F,F,F,M
73,M,D,L,V,K,P,Q,G,V,L,H,T,A,S,C,P,Q,L,T,C,G,P,R,R,P,Y,E,I,P,K,M,A,E,P,W,R,H,D,D,G,F,Y,W,V,A,G,C,E,W,P,C,C,Y,E,E,G,I,M,I,R,R,H,I,Q,K,R,D,C,R,G,V,K,N,K,F,I,T,H,N,V,W,A,P,S,D,R,G,N,L,D,H,M,K,D,E,D,L,L,Y,F
74,Q,M,F,Q,S,E,T,N,Q,R,K,A,Y,H,F,T,K,A,Q,A,V,Q,W,A,N,D,T,A,Q,H,E,V,K,N,Q,Q,Y,L,E,A,D,R,R,K,R,Q,F,K,H,N,T,T,W,P,N,P,A,S,C,P,V,L,T,C,G,P,Q,F,Y,G,E,I,W,N,C,K,V,K,R,F,D,R,A,H,T,W,H,P,K,A,G,S,N,K,Q,S,H,Y,T,K
75,Q,G,K,H,A,P,A,L,Q,N,D,G,G,N,K,W,L,L,E,D,G,T,G,C,F,D,Y,R,G,T,A,S,C,P,V,L,T,A,G,P,F,A,C,T,P,W,M,M,I,Q,W,R,F,V,W,K,M,V,D,S,M,N,E,R,R,N,P,H,M,Q,F,S,E,M,T,L,C,F,H,N,K,M,V,C,R,L,C,E,Y,S,W,Q,M,S,Q,N,E,A,S,H
76,S,E,P,N,D,F,Q,K,V,L,G,R,F,S,C,P,V,L,T,C,G,P,M,W,D,K,R,E,D,M,H,Y,L,M,Y,N,M,N,D,Y,V,E,F,S,T,H,Y,S,Y,I,S,E,L,Q,L,C,M,S,D,R,M,L,T,A,V,P,P,T,K,D,V,V,V,E,F,H,W,V,R,C,L,A,H,C,L,S,S,E,L,D,G,H,C,H,S,T,K,K,C,V
77,L,A,G,G,F,Q,G,A,Y,W,C,H,I,W,S,K,T,W,F,E,Q,N,D,C,K,S,E,K,Q,L,Y,M,W,S,S,H,H,M,H,P,R,P,V,N,W,R,V,F,K,E,G,I,E,M,S,S,D,K,L,V,A,T,M,G,S,V,N,E,C,Q,M,A,A,S,C,P,V,L,T,C,G,I,Y,T,Q,A,K,R,W,F,E,E,V,A,M,D,R,W,A,R
78,K,D,R,F,Q,G,N,T,N,E,E,F,Q,W,L,R,A,S,C,P,V,L,T,C,G,P,Y,D,H,A,Q,T,T,R,H,E,C,Y,P,S,G,G,K,V,C,Y,D,F,R,D,S,R,I,R,L,G,I,C,H,T,A,L,Y,H,T,N,E,F,D,T,T,Y,W,C,A,P,E,Y,K,K,M,L,G,V,L,R,A,M,C,W,N,Q,I,S,L,W,T,K,K,I
79,T,M,C,N,I,P,I,I,G,D,D,E,F,D,Q,S,K,C,K,A,Y,G,I,M,R,I,D,H,S,P,N,F,A,I,Y,G,V,H,V,C,Y,E,N,T,C,F,I,M,Y,V,V,V,L,P,N,N,E,S,D,W,T,T,V,G,Y,A,S,V,Y,W,F,P,P,G,V,C,K,M,A,V,Q,Q,E,I,S,A,S,C,P,V,F,T,C,G,P,D,L,I,Y,P
80,V,T,C,Y,S,E,Y,Q,S,T,T,Y,F,A,S,R,M,W,L,N,R,V,C,L,P,M,S,M,H,C,R,P,D,V,T,L,C,A,F,V,F,C,P,T,W,H,M,F,M,M,S,T,H,E,S,F,V,A,S,C,P,V,Y,T,I,G,P,T,I,P,C,M,A,F,R,C,K,M,R,N,G,G,G,K,Q,L,R,V,Y,D,E,T,E,S,Y,T,S,N,I,I
81,K,H,K,P,W,D,A,Q,H,N,V,W,S,D,K,S,V,C,K,P,F,V,F,E,L,C,I,K,I,N,M,D,K,K,R,L,G,Y,R,M,D,F,A,S,I,P,V,L,A,C,G,P,L,E,A,G,N,L,Q,V,Q,H,K,C,R,T,S,C,M,H,T,P,V,K,L,F,Y,H,P,D,H,A,Q,P,I,A,I,V,F,H,M,C,Q,Y,Y,E,S,K,P,G
82,L,K,E,W,Q,F,D,S,M,S,S,F,C,C,D,K,C,E,F,A,K,I,M,P,E,P,V,H,K,R,G,T,V,M,P,M,Y,M,Y,W,I,Y,D,W,Q,G,Y,K,F,R,E,E,L,P,Q,W,T,Y,L,Y,H,N,G,T,I,K,A,I,H,G,E,L,Y,C,E,Q,G,C,C,P,T,D,N,V,Q,Y,A,S,C,P,V,L,T,C,G,P,V,R,E,G
83,R,V,N,P,E,W,V,G,Q,A,H,S,Q,K,F,C,C,C,C,P,A,E,T,E,W,N,M,V,Y,N,G,M,E,S,H,W,E,V,L,V,W,M,F,Y,H,S,I,H,T,S,K,D,A,Y,W,L,V,P,C,Q,F,Q,E,C,Y,V,R,Y,F,L,S,H,C,M,P,V,G,D,D,Q,C,A,S,C,P,V,L,T,C,G,P,R,D,E,W,E,V,W,V,I
84,E,T,K,W,A,I,V,P,Q,K,M,R,H,H,H,P,T,I,R,A,K,S,R,T,P,T,G,Q,T,R,A,S,C,P,V,L,T,C,G,P,G,V,C,Q,C,E,M,C,L,Y,Q,F,G,G,Y,F,Q,F,S,Y,K,K,C,H,H,Y,N,F,S,K,C,F,W,L,Q,E,M,K,M,H,Q,I,T,K,I,Q,L,F,M,L,H,F,A,V,F,S,I,P,C,Y
85,A,A,Y,E,V,F,G,I,S,S,C,P,V,L,T,C,G,P,I,G,C,F,F,C,C,D,Q,Y,T,C,N,N,H,G,F,Y,R,K,V,I,V,Q,P,G,I,G,E,I,Y,H,A,H,D,A,V,Y,I,F,E,M,R,G,Q,E,A,M,I,H,S,C,I,M,L,A,M,P,W,A,S,V,L,T,S,Q,K,Y,K,T,Q,N,C,K,R,V,N,F,L,T,I,H
86,I,A,S,H,F,Q,A,S,C,P,V,L,T,C,G,P,H,N,K,S,V,C,T,R,T,Y,H,Y,P,E,L,T,E,F,I,E,G,T,W,W,R,G,N,N,P,I,E,E,Y,I,D,M,P,Q,S,Q,N,D,H,Q,F,T,D,R,D,C,A,W,R,K,A,F,P,W,K,E,G,D,A,E,P,L,Y,W,E,R,Y,D,Y,G,K,H,I,D,D,T,Y,A,F,H
87,Y,P,H,R,V,W,Y,G,R,Q,E,M,C,H,A,G,F,M,S,S,L,H,T,E,I,R,T,Y,S,H,M,T,Q,N,D,Q,C,M,V,Y,Q,Y,K,C,V,I,F,L,K,D,K,Y,M,N,S,V,Q,Q,S,C,P,T,N,P,A,A,S,C,P,V,L,T,V,G,P,S,C,T,A,E,L,W,H,N,W,G,M,E,G,M,R,Y,A,Q,A,V,Q,I,K,S
88,D,K,E,S,A,N,R,W,H,E,D,K,K,N,W,H,N,P,I,A,F,R,C,T,R,P,R,K,G,S,P,R,A,S,C,P,V,L,T,C,G,P,P,T,M,P,P,I,Q,K,M,I,C,G,W,W,M,Q,C,W,C,Y,F,A,Y,H,R,Q,Q,S,D,C,N,I,I,L,Y,P,G,M,E,H,Q,K,Y,T,E,P,A,N,M,E,F,K,I,Q,W,F,R,E
89,Q,Y,G,I,F,R,H,Q,G,V,I,V,V,Q,V,M,T,V,P,W,N,T,E,I,M,R,R,Y,E,N,Q,S,H,S,S,Q,Y,C,L,W,E,S,N,N,W,I,A,C,A,V,K,G,Y,D,W,Q,P,D,I,E,D,L,N,E,Y,F,K,N,L,Q,W,W,N,C,R,T,Q,F,R,G,N,F,R,S,C,P,V,L,T,S,G,P,T,P,D,I,N,M,M,F
90,F,F,T,C,F,M,K,T,P,H,M,E,A,L,Y,L,L,N,M,I,K,H,P,S,A,L,C,P,V,L,T,C,G,P,D,L,R,Q,H,F,Y,N,L,W,N,S,D,G,D,W,E,N,P,V,C,L,K,M,G,M,Q,Q,I,N,T,T,E,E,E,K,A,E,N,Y,P,E,T,Q,K,E,W,C,N,F,N,S,W,Q,I,K,D,H,E,S,R,S,Y,I,V,Q
91,W,K,E,S,Q,N,L,G,A,M,L,H,V,W,V,H,Q,S,L,T,M,D,W,I,S,A,G,Y,E,D,Y,A,T,P,P,W,K,I,M,E,F,E,M,R,R,R,D,H,R,R,R,W,M,A,S,C,P,V,Q,T,C,G,P,D,I,S,L,F,S,K,R,A,N,T,C,Q,M,Q,N,I,R,N,H,R,H,G,C,M,C,L,Y,H,F,D,S,S,H,E,G,Y
92,V,V,D,E,R,E,G,D,E,N,I,A,S,C,P,V,L,T,C,N,P,G,C,P,T,P,Q,A,G,Y,W,P,T,N,A,P,D,R,P,F,S,E,V,Y,P,D,F,V,Y,E,W,W,W,K,L,Q,F,E,A,Y,R,R,M,R,Y,V,T,A,N,T,P,I,P,L,Y,N,N,N,G,H,T,T,T,P,F,R,N,I,F,T,T,L,C,I,I,I,A,Q,L,S
93,C,A,T,I,R,S,E,E,V,F,Y,D,E,P,H,T,L,C,S,F,R,W,A,K,H,G,A,S,C,P,V,L,T,C,G,P,V,C,K,I,K,V,E,M,D,Q,M,T,E,K,I,F,E,D,N,V,V,M,R,D,A,Y,R,T,F,H,C,E,Y,N,N,R,H,S,G,A,K,Y,Y,F,W,I,Q,C,M,T,R,T,S,N,N,Q,K,A,D,G,N,S,I,M
94,C,C,E,Q,Q,H,Q,G,E,A,M,K,W,T,Q,A,S,C,P,V,L,T,C,G,P,N,V,R,D,A,Y,C,P,L,P,W,Q,L,P,H,K,V,R,G,D,A,C,K,C,Q,I,P,N,K,H,C,V,K,F,M,E,G,F,T,A,P,L,D,H,S,C,T,M,C,H,M,M,M,V,D,N,H,G,M,G,H,K,E,S,G,S,V,T,H,H,K,R,M,T,S
95,K,N,C,I,P,M,P,H,H,A,R,S,F,C,R,D,D,W,M,R,L,M,M,D,V,P,G,Y,T,A,V,S,M,R,N,S,D,P,G,N,P,G,S,Y,M,H,F,L,S,P,Y,N,D,F,I,F,E,I,S,A,E,I,M,H,T,I,E,P,D,S,A,N,R,Y,I,A,S,C,P,V,L,T,C,G,P,V,L,R,M,M,R,K,Q,Q,Y,K,D,H,R,D
96,F,N,V,E,K,C,G,R,I,Y,M,Y,W,S,V,T,P,E,N,L,G,A,C,R,E,E,T,H,V,G,L,E,Q,M,V,R,N,Q,V,K,Q,A,T,E,A,G,C,P,V,L,T,C,G,P,C,T,P,Q,D,S,K,Q,S,A,K,N,L,P,L,A,F,T,A,D,I,R,M,C,F,S,A,G,S,K,S,N,D,F,M,D,N,G,R,R,R,D,H,C,E,Y
97,F,P,R,R,K,K,H,K,S,E,I,F,F,S,T,H,A,K,W,D,D,C,P,R,F,L,K,Q,N,M,Q,R,D,T,R,C,P,K,G,H,R,A,S,C,P,V,L,M,C,G,P,C,R,C,W,W,F,A,N,E,F,W,E,P,K,I,A,A,V,Y,N,M,A,L,F,Q,M,N,V,L,W,I,Y,T,R,S,F,E,Y,S,T,S,F,I,F,P,E,W,E,C
98,I,T,C,P,K,R,R,Q,E,Q,Y,Y,W,E,E,E,K,L,W,R,M,E,K,C,G,W,R,Y,V,M,Q,I,P,A,Q,K,N,Q,G,T,T,F,E,L,D,H,M,G,I,H,V,F,A,A,F,S,A,S,C,P,V,L,M,C,G,P,E,S,E,Y,T,P,N,H,V,W,G,E,R,Y,F,Y,M,T,E,I,W,E,A,V,Q,K,Y,Y,G,Y,L,L,V,D
99,I,W,W,T,E,E,Q,A,S,A,P,V,L,T,C,G,P,W,S,A,C,R,H,F,L,E,T,T,Q,A,Q,H,D,W,V,R,Y,E,M,K,S,M,M,Q,S,L,V,T,P,P,Q,Q,G,Q,H,Q,M,M,M,D,L,L,R,R,S,N,H,G,G,R,T,T,P,E,M,S,P,V,A,L,C,G,E,Y,A,K,P,N,L,Y,I,S,W,R,F,E,A,W,V,K
100,C,G,W,P,G,W,S,Y,T,C,V,P,Y,F,W,I,R,E,K,H,S,L,H,V,Y,G,L,A,S,I,P,V,L,T,C,G,P,T,Q,Q,A,F,D,D,C,G,A,K,S,Q,H,M,V,F,G,F,N,D,T,Y,E,M,R,K,E,F,C,Y,S,Q,R,A,I,G,T,E,F,I,D,R,R,M,T,K,H,G,Q,N,R,S,C,E,K,R,A,E,Q,G,H,F
101,R,G,S,R,K,V,N,F,L,M,M,V,K,M,W,F,K,D,K,P,L,W,E,H,Y,I,H,M,I,M,Q,V,L,H,I,D,N,W,Y,H,D,D,W,I,H,G,C,A,S,N,P,V,S,T,C,G,D,T,W,W,C,F,M,L,K,P,G,N,I,D,E,M,S,N,D,P,Y,F,I,C,K,Y,R,I,I,Y,V,S,L,H,W,F,K,G,D,L,A,M,F,K
102,E,D,Q,G,Y,W,K,M,Q,Y,F,N,I,P,A,Y,W,Y,W,K,K,T,T,P,F,Y,D,Q,V,G,M,P,E,W,A,S,C,P,V,L,D,C,G,P,D,C,Q,N,D,P,P,R,T,M,I,H,L,F,N,H,R,F,L,P,R,G,F,E,I,P,Y,E,A,I,Q,V,G,W,C,I,Q,N,H,T,P,L,R,M,L,G,G,V,C,M,C,V,M,K,L,T
103,V,P,Y,N,C,M,S,D,R,W,D,W,N,D,D,Y,W,L,P,C,C,T,K,M,L,V,H,E,N,S,I,Q,M,I,L,V,D,C,L,T,I,G,F,E,C,T,R,W,P,N,P,H,V,Q,E,D,N,T,M,N,E,Q,A,L,S,C,P,V,L,T,C,G,P,F,N,H,G,Q,L,C,I,K,F,D,V,C,S,T,E,N,R,H,L,Y,K,Y,V,R,S,R
104,D,K,Y,S,S,S,L,V,R,Q,N,W,N,E,E,M,N,Q,P,G,N,A,A,C,P,S,H,I,Y,I,S,N,H,S,T,C,F,G,Q,M,P,Q,F,V,C,L,A,H,C,P,V,L,T,C,G,Q,Y,E,I,W,F,F,C,C,V,W,K,F,R,E,M,I,S,C,P,G,V,V,V,E,P,C,F,D,I,S,K,C,P,W,K,C,Q,F,H,R,I,C,F,K
105,S,Q,G,N,V,D,P,M,S,A,S,C,P,V,L,T,C,G,P,P,N,F,F,K,Q,V,E,C,C,Y,E,M,A,V,L,G,G,D,G,C,C,S,R,R,E,L,E,W,Q,A,D,R,S,M,R,G,K,S,W,R,Y,V,D,T,I,P,M,Y,M,P,Q,F,V,G,A,Q,P,P,C,H,F,T,Y,M,W,V,H,R,Y,I,M,W,R,I,Q,V,K,Y,W,I
106,K,D,G,L,T,G,K,M,A,D,G,D,H,G,M,T,K,S,E,S,C,D,D,K,L,R,A,I,D,W,C,H,A,S,C,H,V,L,S,C,G,Q,S,T,G,Y,Q,M,H,T,Q,C,N,P,N,H,W,G,D,Q,S,V,V,V,F,Y,F,V,T,D,F,M,Q,W,H,M,I,T,Q,Y,D,C,I,G,L,I,Q,D,M,P,M,F,M,E,S,N,L,W,P,T
107,H,S,Y,Q,M,I,R,I,Q,I,F,A,R,K,W,N,I,R,S,L,I,E,K,N,I,G,P,H,P,P,V,A,W,V,T,A,S,C,P,V,L,T,A,G,P,T,K,T,N,G,Y,M,I,R,E,P,D,P,K,V,V,I,T,C,A,T,Y,K,F,F,E,C,A,G,P,K,S,W,M,S,R,F,S,A,R,D,E,V,P,C,H,T,M,I,N,E,L,D,F,D
108,P,H,H,P,Q,H,P,T,E,M,T,P,L,A,S,C,V,V,L,T,C,G,D,N,H,N,A,V,F,T,V,E,H,F,D,R,C,K,T,I,G,A,V,S,C,C,E,G,D,R,V,E,S,P,T,H,V,R,H,M,P,W,G,P,L,R,H,T,A,A,Y,A,P,V,Y,C,T,Q,K,M,A,E,F,Y,P,F,N,T,M,G,F,K,W,R,V,D,C,S,L,G
109,R,P,W,V,F,S,L,Y,I,H,P,R,L,S,T,E,F,M,P,I,L,D,C,M,T,Q,S,W,S,C,P,V,L,T,C,G,P,M,S,S,Q,E,L,G,T,I,H,R,A,L,S,P,C,K,N,E,I,C,N,C,D,T,P,E,Q,N,D,N,F,R,F,G,M,N,S,G,N,D,H,L,C,E,L,Y,W,G,I,S,D,T,C,N,L,D,E,I,Q,P,F,E
110,E,G,R,P,V,Q,C,G,Q,S,T,D,N,F,L,W,E,W,G,S,M,T,P,A,C,P,L,L,E,A,N,Q,H,K,Y,G,H,S,C,F,Q,I,C,W,D,D,P,Y,T,P,K,Q,S,C,I,E,R,F,K,G,D,I,N,E,E,N,I,D,K,L,Q,Y,C,R,Q,R,F,Y,Y,H,K,P,P,M,D,S,L,V,A,S,C,P,V,L,T,C,G,P,V,A
111,M,C,H,A,F,K,V,N,V,Q,C,Q,W,E,R,T,Y,L,L,Y,S,M,W,F,Y,M,E,M,E,R,L,D,R,Y,H,Q,F,G,Q,T,D,K,P,A,K,S,G,S,P,P,S,E,C,H,I,E,R,E,S,R,R,M,Q,Q,K,Y,A,D,N,G,Y,M,E,N,C,T,L,I,A,S,C,Y,V,L,T,C,G,P,D,F,H,C,Y,Y,V,S,E,S,E,F
112,I,H,Y,C,G,E,Q,R,Q,C,C,R,K,K,S,G,L,Q,P,G,D,Q,G,R,W,R,A,D,D,W,N,A,F,A,N,G,Q,D,Q,S,Q,A,Q,D,P,I,S,E,L,F,G,D,E,W,Q,F,F,D,I,A,K,I,F,D,R,G,W,A,E,R,Q,H,I,P,D,K,L,L,N,L,I,S,S,F,A,F,A,S,C,P,V,L,T,C,G,P,W,R,W,M
113,Q,K,E,L,H,I,E,K,C,N,D,E,H,A,L,Q,E,R,K,S,A,F,N,S,Y,Y,E,W,M,D,K,D,G,K,P,C,H,L,D,R,M,G,T,S,L,I,I,V,P,P,L,E,Y,M,L,L,A,I,E,N,H,V,H,R,H,M,P,N,I,P,F,K,P,K,W,G,A,A,C,P,V,L,T,C,G,P,T,W,C,I,T,Q,S,I,A,I,F,L,K,T
114,A,C,T,T,G,H,W,I,C,Y,W,A,Y,N,S,R,W,P,L,I,H,Q,G,S,L,W,A,S,C,P,I,L,D,C,G,P,N,S,N,E,Q,D,N,E,G,K,W,H,I,G,H,Q,M,M,N,N,P,I,S,G,H,Q,M,L,C,D,P,E,A,L,K,L,T,E,E,P,C,E,E,D,N,H,I,R,R,I,N,K,T,P,F,D,T,L,L,W,Y,P,P,E
115,E,R,I,N,H,W,N,V,D,P,M,S,I,S,F,M,Q,K,F,Y,Q,L,Y,V,T,C,A,K,C,P,C,L,T,R,G,P,Y,L,P,M,V,V,M,T,D,S,T,Q,Y,A,E,N,E,M,F,G,S,N,W,I,K,T,W,F,D,E,I,S,R,W,E,K,D,V,W,S,K,R,C,G,K,W,T,H,I,T,Q,S,V,F,Q,K,C,G,I,M,Q,S,G,Q
116,W,E,W,T,T,M,M,Q,S,T,Q,L,T,E,N,K,P,N,D,N,C,S,V,V,I,P,M,Y,I,Q,N,I,F,S,D,V,W,G,N,M,Q,H,V,V,Y,Y,H,T,K,Q,G,V,L,Q,N,K,F,F,Q,S,Q,Q,Y,D,Q,F,K,Q,C,F,V,C,W,G,A,S,C,P,V,P,P,G,D,P,V,H,M,L,T,M,W,P,W,H,R,L,R,M,G,K
117,T,F,Q,W,Q,Q,M,K,T,M,G,G,I,A,C,R,A,D,K,T,H,I,T,F,S,V,M,T,N,K,T,Y,G,G,F,Q,K,M,L,L,N,H,C,C,N,S,C,P,V,L,T,C,G,P,S,I,T,F,A,R,D,V,I,S,M,Q,N,K,Q,L,L,N,A,S,E,K,P,M,G,I,L,V,H,Y,K,A,W,R,H,H,E,E,I,A,R,R,H,R,L,N
118,I,E,G,H,W,N,V,I,Q,A,V,N,E,G,N,E,G,T,C,H,V,K,W,Q,M,N,T,E,K,R,L,Q,G,W,G,H,C,Q,Q,H,W,I,V,C,K,P,E,H,G,I,R,A,S,C,P,V,L,T,C,G,P,I,K,N,Y,Q,W,E,L,L,Y,D,C,A,K,G,E,P,T,T,I,K,M,M,V,G,Y,F,E,L,T,I,G,D,Y,H,A,I,C,K
119,R,L,S,Q,L,E,P,A,S,C,P,V,L,T,C,S,P,K,Y,E,V,T,C,C,A,G,Y,F,R,V,S,D,Y,P,H,D,Q,I,C,M,T,G,H,E,R,M,Q,D,A,R,K,N,C,W,K,W,Y,V,A,T,N,N,G,V,D,G,W,R,K,H,R,P,V,Q,D,G,F,G,V,D,R,C,W,Y,E,I,I,M,G,T,V,W,S,K,H,C,G,D,Q,M
120,A,T,P,T,L,M,A,V,Q,C,K,I,F,F,H,F,G,M,E,Y,N,R,W,H,C,W,D,A,M,A,S,C,P,V,L,T,C,G,P,K,T,R,R,D,Y,S,Q,S,Q,Q,A,V,C,H,V,G,P,T,T,V,V,T,T,W,N,A,Q,V,T,C,W,D,M,L,K,M,E,V,H,G,P,I,Y,V,I,L,Y,P,Y,V,V,V,G,Y,N,S,I,A,W,Q
121,V,Q,C,D,P,R,V,K,G,V,Y,T,R,Q,F,W,P,F,L,A,Y,A,M,P,D,N,T,H,M,S,M,V,P,Q,I,A,Y,T,E,G,P,C,G,G,I,E,P,N,Q,N,M,F,F,K,Q,P,F,F,C,R,A,G,T,E,I,C,N,C,E,H,A,K,P,C,H,W,Q,N,F,F,L,H,E,E,N,N,L,A,S,C,P,V,L,T,C,G,P,S,L,V
122,Y,K,E,Q,H,P,M,H,A,N,S,I,I,D,C,D,M,L,C,A,G,L,M,E,N,E,H,V,A,C,W,Y,L,H,L,N,E,L,D,A,G,P,I,V,R,M,A,S,C,C,V,L,T,C,G,P,L,P,L,G,I,M,W,Y,M,C,M,W,M,H,S,I,W,P,E,G,E,G,Y,G,M,M,V,L,S,D,I,A,L,P,Y,T,E,A,K,K,P,Y,G,V
123,W,R,G,S,T,W,N,I,W,W,W,M,I,W,A,W,I,E,G,Y,H,M,I,I,F,Q,V,K,W,C,M,N,I,Y,A,G,V,D,E,Q,P,Q,R,K,K,I,S,M,Y,M,T,E,V,P,R,H,A,Q,H,Q,S,V,T,T,A,S,C,P,V,L,T,C,S,P,N,V,R,Q,P,T,M,P,H,G,L,M,S,M,W,E,S,H,N,P,L,G,F,A,A,M
124,C,S,Q,S,S,G,R,M,R,T,I,V,Q,K,E,D,G,M,R,T,G,R,Q,P,Q,C,E,P,E,V,E,I,G,Y,G,I,N,R,F,G,Y,P,L,F,R,G,G,R,H,L,M,G,L,P,H,H,M,Q,E,Y,K,N,K,H,A,S,C,P,T,L,T,C,G,C,G,G,T,F,N,I,D,A,Y,A,K,A,G,F,K,C,Q,S,D,M,M,H,T,R,W,V
125,I,Y,W,R,N,C,H,Q,Q,S,P,Q,K,K,Y,N,A,C,P,S,W,D,Y,H,Q,C,L,C,P,A,D,V,N,C,N,S,C,G,E,K,S,H,D,N,I,T,L,T,H,L,D,E,D,S,I,Q,N,Y,G,R,L,M,C,D,F,D,A,E,K,E,E,L,A,L,C,P,S,L,T,C,G,P,W,K,Y,T,Q,M,T,I,I,H,T,T,K,W,I,V,W,G
126,A,Y,A,L,D,P,L,K,I,D,V,M,W,A,S,C,P,V,L,T,C,G,P,T,M,M,M,Y,L,N,T,N,I,W,F,V,D,F,Y,W,T,K,Q,D,Y,W,R,S,N,S,G,N,T,I,S,P,I,G,T,R,E,T,W,R,A,Y,Y,D,Q,Q,F,Q,C,F,A,E,V,H,W,Q,L,H,V,P,F,S,W,A,D,M,H,E,T,A,T,K,Y,H,G,P
127,V,W,L,A,K,A,S,C,P,T,A,T,C,G,P,Q,Y,V,K,Q,K,F,E,F,W,N,N,A,L,P,A,N,H,P,G,K,Y,Y,G,K,E,K,K,K,Y,N,A,P,L,W,L,H,N,C,R,S,R,V,P,V,W,F,L,C,Y,L,Q,K,S,T,F,G,F,W,K,G,E,G,S,H,G,D,F,F,M,S,H,Y,W,A,V,E,G,E,C,G,N,C,I,N
128,G,W,H,F,P,R,Q,Y,P,M,G,W,V,A,S,T,Q,K,E,W,D,L,F,Q,A,E,G,M,H,R,C,Q,L,M,R,T,A,A,Q,A,K,P,E,L,P,M,A,S,H,V,M,A,M,W,I,E,T,A,S,C,P,V,D,L,C,G,P,L,Y,H,C,E,P,K,C,N,Y,Y,S,E,F,Q,G,G,S,A,L,F,G,C,S,V,H,M,Q,G,T,N,H,K
129,I,Q,Q,D,H,Y,A,M,C,W,H,M,A,N,K,S,T,P,R,A,S,C,P,V,L,T,C,G,P,A,E,H,S,G,N,Y,A,E,D,A,Y,L,G,E,N,E,N,I,V,A,S,Q,G,V,L,P,L,R,G,L,A,F,Q,Y,Y,Y,V,Y,W,T,D,K,Y,P,S,M,S,F,T,P,P,F,F,Y,L,S,Q,I,W,L,V,R,R,M,A,R,Y,L,V,E
130,S,W,W,R,G,S,H,G,E,Q,V,T,V,F,F,K,I,P,Y,G,Y,I,D,P,N,D,I,R,I,W,Y,V,V,P,D,Y,D,T,D,A,D,H,W,A,Y,Q,R,C,G,I,M,H,A,E,S,I,E,K,M,K,L,Y,F,S,N,A,V,G,H,Y,W,T,K,F,T,Q,N,E,M,H,A,S,C,P,V,L,T,C,G,P,R,Y,A,I,W,H,S,M,H,R
131,L,N,G,F,L,K,S,M,P,G,A,S,C,P,V,L,T,I,G,P,R,A,T,M,T,V,L,H,M,K,C,E,S,R,M,W,M,W,P,Q,N,L,D,V,A,S,L,T,A,Q,P,F,M,F,C,C,V,C,R,E,C,V,V,P,D,C,W,A,V,H,W,R,P,K,H,D,E,V,I,D,H,T,L,Q,W,I,S,T,G,P,Q,K,K,C,F,D,E,C,W,A
132,E,V,Y,N,H,C,C,I,C,M,E,L,A,N,C,R,A,E,P,T,H,F,L,N,W,P,T,I,K,A,K,W,G,D,Q,S,I,G,P,Q,W,H,C,E,I,W,K,D,M,M,T,L,I,P,I,C,R,T,N,P,R,R,H,F,H,W,R,Y,A,S,C,P,K,L,T,C,G,P,R,Y,T,K,T,L,P,V,I,L,I,A,M,C,R,Q,Y,S,K,E,R,S
133,A,A,S,C,P,V,L,T,C,H,P,W,N,Q,N,G,P,L,I,I,K,N,V,R,I,G,M,S,P,S,K,K,H,F,A,F,G,I,V,T,Y,C,M,D,D,G,A,F,Y,F,I,A,F,F,T,R,C,V,Y,L,N,E,N,Q,L,E,F,A,T,C,C,P,T,H,I,Q,Q,C,A,F,V,T,P,C,I,M,D,G,N,F,S,N,Y,C,V,L,T,N,T,L
134,R,M,D,K,N,I,Y,C,T,S,T,N,A,M,M,V,T,H,K,D,K,V,T,P,T,R,R,Q,Y,S,Q,P,V,L,T,C,G,P,N,D,Q,N,R,H,W,A,G,K,H,S,S,E,N,P,Y,K,I,L,D,D,S,K,C,N,K,H,D,I,R,C,M,L,C,Y,D,S,V,P,H,W,I,D,H,C,V,W,F,L,M,E,R,Y,R,L,T,H,W,C,P,F
135,E,G,L,A,P,A,T,R,A,G,I,Y,Q,T,N,A,L,G,S,N,P,S,H,W,S,F,H,V,R,R,D,V,E,V,T,D,D,S,R,W,S,Q,M,R,N,D,A,M,Q,D,Y,A,H,Y,S,Y,I,S,H,S,H,M,C,I,A,S,C,P,V,L,T,C,S,Q,V,P,D,P,V,F,Q,D,K,M,T,V,I,A,H,K,Y,T,M,D,K,S,S,L,E,T
136,V,Y,S,D,I,D,Y,S,A,Y,R,K,V,N,W,L,F,I,A,P,W,A,M,I,E,S,Y,C,F,G,W,K,V,A,S,C,P,V,E,T,C,G,P,C,V,W,D,M,G,E,P,F,M,F,L,G,Y,Y,V,Q,Y,A,L,W,Q,R,K,K,C,K,W,V,T,F,A,P,C,Q,M,I,Q,H,M,H,F,H,K,H,F,D,A,N,S,F,E,N,Q,F,L,W
137,K,H,M,W,L,Y,L,R,C,A,G,H,D,K,T,Q,V,H,F,I,I,G,H,T,E,W,V,W,L,M,E,R,I,C,K,R,E,K,K,Y,C,C,H,I,Y,F,H,D,S,K,Y,A,A,K,L,E,M,K,T,T,V,Y,K,N,K,V,A,I,D,T,I,K,C,F,F,P,I,F,V,N,T,F,L,S,V,P,V,L,T,D,G,P,Y,N,K,P,P,G,C,N
138,E,R,G,I,K,Q,F,L,E,H,R,D,D,Q,P,N,A,F,L,S,E,G,I,C,C,T,G,W,I,G,Y,R,G,P,L,Y,W,F,C,P,W,D,K,W,K,V,D,N,D,R,M,L,S,M,R,A,A,S,C,P,V,L,T,Q,G,P,L,D,K,Y,Q,R,E,G,H,V,E,C,C,C,S,N,S,G,Y,R,G,M,S,G,C,H,Q,T,A,Q,T,H,I,I
139,I,Y,W,D,G,C,A,A,D,F,L,I,S,G,C,T,N,K,C,D,P,L,L,S,Q,N,Y,N,W,T,I,M,S,C,T,T,M,T,R,D,C,Y,P,N,T,S,E,C,W,H,W,N,C,L,S,V,A,L,Q,A,H,Y,V,R,R,M,H,N,W,K,T,E,I,H,P,C,I,E,T,F,L,I,M,C,Q,R,S,V,A,S,C,P,V,L,T,C,G,P,Q,G
140,Q,D,T,F,I,I,G,N,M,D,S,Y,Y,P,G,F,C,Q,Q,T,F,R,F,I,E,Y,L,M,C,Q,R,S,S,G,Y,E,H,W,H,R,T,D,E,I,V,A,K,G,G,K,I,H,R,A,C,T,S,A,D,A,A,N,G,A,S,C,P,V,L,T,C,G,P,I,D,D,Q,Q,Y,H,T,E,E,S,I,K,Y,I,D,R,I,Q,M,F,I,D,Q,D,Q,E
141,F,M,H,R,Y,Q,D,M,P,W,V,E,I,E,P,F,R,C,Y,F,M,S,R,W,D,T,C,E,E,H,T,P,N,P,M,P,M,C,E,P,Q,A,S,C,P,V,L,T,C,T,P,F,P,H,M,N,Y,F,F,L,C,H,K,G,L,Q,D,T,H,N,Y,N,N,F,L,E,V,W,S,L,K,E,I,Y,E,L,G,E,C,S,M,C,Q,G,W,G,S,F,I,V
142,E,Q,S,A,Q,N,Q,T,C,C,A,F,S,Y,P,W,A,E,M,E,Y,V,T,K,G,H,R,C,L,E,L,Q,I,G,A,Y,N,V,W,M,L,H,D,P,Y,D,K,D,Y,F,R,V,I,S,S,A,M,A,S,C,P,V,L,T,H,D,P,Y,W,I,N,M,I,Q,P,P,W,L,A,S,R,Y,A,C,A,L,V,N,M,N,H,P,A,W,L,R,L,E,P,K
143,W,F,V,Q,L,F,E,Q,W,N,C,Y,V,G,K,H,C,T,T,N,L,F,W,G,Y,F,S,D,V,K,D,A,S,C,P,V,L,T,G,G,P,D,V,D,A,F,T,A,I,E,Y,E,M,R,S,P,D,M,A,Y,N,S,P,H,S,I,M,D,D,L,W,G,C,E,K,R,M,V,F,H,E,D,C,P,L,I,E,W,S,L,W,Y,P,W,V,G,A,A,F,Y
144,S,W,D,N,A,N,S,K,L,M,H,L,Y,Y,Y,C,A,M,H,E,N,V,C,F,Y,E,I,M,P,W,A,S,C,P,V,L,T,C,G,P,Q,Q,R,V,E,N,Q,F,Y,S,I,C,I,Y,H,W,L,F,H,E,W,H,S,E,E,T,S,P,G,T,Q,W,L,V,V,Y,I,G,S,R,N,S,Q,D,P,R,G,E,S,A,W,L,K,E,T,S,H,I,F,H
145,H,K,N,H,F,N,D,D,F,P,N,A,G,Q,K,W,W,P,E,L,D,P,A,A,I,M,W,T,R,A,S,C,P,V,L,T,C,G,W,V,Q,Q,A,K,K,S,Q,H,W,L,I,P,H,M,R,G,H,V,S,K,N,K,I,R,N,D,Q,E,F,A,D,L,C,H,E,Q,N,C,C,P,Q,S,Q,Q,P,Y,Q,R,D,H,Y,K,K,Q,V,V,N,D,E,A
146,V,Q,P,S,N,G,P,E,A,S,C,P,V,L,T,C,G,P,H,L,T,L,G,G,K,R,D,K,T,A,E,T,A,G,Q,W,Q,N,R,L,R,Y,W,C,H,R,W,V,S,L,Q,T,Y,K,D,F,L,C,T,T,T,K,I,W,D,F,E,H,H,M,T,M,H,Q,Y,M,G,M,M,V,E,P,I,K,P,M,M,G,T,Y,S,E,S,D,Y,Y,F,M,G,T
147,M,H,T,E,V,I,R,C,S,C,F,G,G,S,D,H,D,I,V,V,W,H,S,I,H,W,T,I,D,H,A,R,L,Y,A,M,A,Y,N,M,P,L,S,Q,Q,Q,C,G,F,M,M,A,S,C,P,V,L,T,C,P,P,G,T,Q,E,V,W,S,G,G,H,A,L,V,V,G,N,N,P,E,N,H,R,T,R,G,Q,Y,F,C,T,C,Q,A,F,C,Y,G,I,V
148,W,W,V,M,Q,S,Y,Q,D,P,H,S,P,C,N,K,S,L,I,D,H,Q,D,A,K,G,A,S,C,P,V,L,T,C,W,P,V,V,F,Q,W,M,H,M,C,Y,R,L,C,W,I,Y,A,D,D,I,E,S,Q,R,L,W,I,Y,E,A,Y,N,Y,W,K,F,T,C,C,W,V,D,P,K,M,P,I,T,W,L,C,L,E,H,T,H,W,D,C,Y,G,I,F,C
149,P,K,S,W,I,F,P,Y,W,E,T,V,G,N,P,P,A,A,Q,G,G,D,I,W,T,N,C,W,V,A,S,C,P,V,L,T,C,G,P,F,M,Q,C,Q,C,I,P,L,P,P,D,T,F,P,S,G,L,T,Q,H,W,F,A,V,W,R,N,H,F,I,L,L,D,Y,V,E,A,T,T,T,S,T,E,C,E,Q,E,T,K,W,G,V,H,H,E,I,W,E,D,D
150,A,V,M,Y,T,R,M,S,Y,M,N,T,K,M,E,F,K,Q,W,I,A,R,D,C,E,N,A,G,I,E,R,A,S,C,P,V,L,T,C,G,P,C,L,V,H,N,M,D,M,D,E,G,A,N,I,I,T,K,A,N,E,A,Y,C,L,V,W,V,P,Q,R,P,T,C,Q,W,C,Y,E,V,Q,Y,N,Q,E,S,C,C,R,T,V,H,E,E,I,Y,A,A,D,P
151,R,T,D,I,F,E,S,I,G,T,N,D,F,H,Q,K,R,W,Y,G,M,S,K,E,T,K,L,D,F,T,Y,S,M,N,V,W,W,Y,W,Y,E,R,V,N,R,Y,E,K,A,R,W,V,Q,I,E,D,T,T,S,V,C,P,V,L,T,H,G,P,F,M,S,Y,E,Y,L,L,I,A,S,M,M,R,R,G,C,P,L,A,G,R,F,F,T,H,T,K,Y,E,P,I
152,M,M,N,E,T,N,H,A,D,Q,C,L,R,F,Q,T,I,V,T,V,H,W,T,S,G,T,H,R,M,C,A,F,A,H,W,F,K,G,K,M,W,W,A,P,W,M,W,P,P,G,K,I,L,N,V,L,F,R,N,N,W,Q,I,D,R,M,Q,Q,G,A,S,C,P,V,L,T,C,G,P,K,W,I,R,I,T,G,S,L,R,M,I,K,D,A,E,C,K,A,R,A
153,H,I,I,Q,L,M,V,A,G,L,G,Y,P,H,T,Q,A,W,I,Q,I,V,W,W,A,L,Y,R,W,G,N,G,V,W,T,R,I,K,K,V,I,N,M,S,P,V,D,R,C,M,H,P,N,C,H,R,Q,S,G,F,D,I,P,M,C,A,S,K,K,Q,E,P,V,D,P,H,R,W,I,Y,A,C,Y,Q,A,S,C,P,V,L,A,C,G,P,Q,M,R,Y,L,H
154,S,A,Y,K,N,C,K,V,N,P,N,F,R,G,Q,A,N,S,Q,R,L,I,M,Q,Y,M,M,N,N,Y,Q,K,M,Y,C,L,K,G,G,T,V,L,D,K,Y,F,R,A,S,D,P,V,L,T,C,G,T,P,P,M,L,Q,N,E,L,D,K,S,V,W,P,S,W,S,N,G,F,Q,H,G,K,T,H,K,R,H,W,W,P,G,Q,T,V,M,Q,V,D,Y,S,H
155,I,A,S,C,P,V,L,T,C,G,P,W,K,T,E,F,T,Q,F,K,D,L,S,Q,M,Y,R,F,H,D,S,L,D,P,L,S,L,P,E,P,L,P,Y,H,L,L,L,W,S,Q,M,T,E,W,Q,M,D,N,D,E,S,Y,I,E,V,C,V,H,N,R,Y,Q,H,S,F,Y,V,I,V,D,T,E,P,C,M,I,F,F,V,D,E,K,Q,E,I,S,K,F,E,T
156,I,Q,V,A,I,E,W,V,T,M,E,K,G,N,Y,Y,F,E,W,F,A,W,E,T,T,H,M,P,P,K,F,Y,I,N,Q,G,M,A,C,C,W,R,N,I,E,T,F,S,C,L,H,R,A,L,L,A,S,C,P,V,L,T,C,G,P,Q,M,A,K,H,P,C,C,A,F,Q,C,R,Y,Y,A,P,R,F,K,P,Y,T,E,D,Q,R,H,S,S,T,G,R,P,C
157,H,N,P,E,T,C,Y,K,H,G,K,D,C,H,E,I,F,K,I,F,I,D,F,E,C,A,Q,F,F,K,H,S,I,Y,R,S,R,Y,H,L,A,F,P,Y,A,L,Q,N,V,D,P,E,R,K,H,M,P,C,R,H,R,S,H,P,Y,G,Q,A,I,V,Y,G,Q,I,W,W,T,D,K,E,P,I,K,A,A,Q,G,V,A,D,C,P,V,L,T,C,G,P,R,V
158,T,T,P,S,A,H,W,M,E,M,I,F,Q,C,F,R,A,F,I,K,L,V,I,P,W,R,L,L,F,E,W,P,A,K,A,S,C,P,V,L,T,C,G,E,H,Y,P,N,R,H,F,H,K,W,T,E,P,Y,I,E,Y,P,I,N,D,G,V,S,D,S,F,Y,E,R,S,V,M,Y,Y,V,H,G,T,T,G,A,N,E,W,Y,V,G,N,L,P,C,F,E,Q,D
159,A,T,N,D,R,W,F,W,S,I,H,W,K,R,E,Q,D,W,T,E,M,I,G,Y,G,H,C,G,M,R,L,A,S,N,P,V,L,T,C,G,P,D,I,E,S,I,A,L,L,E,W,D,L,F,S,S,K,F,R,V,D,R,Y,K,H,N,T,L,H,W,G,G,Y,T,K,H,D,D,F,Y,C,C,C,D,P,H,Q,M,S,L,F,M,F,Q,R,W,E,Y,S,V
160,T,H,L,W,W,N,G,H,H,L,N,G,W,P,L,T,G,D,W,Y,N,K,M,F,C,E,E,I,L,Y,E,E,Q,E,W,V,M,L,E,A,T,I,R,F,K,D,F,L,C,I,S,C,M,K,A,Y,E,Q,Q,P,A,H,H,N,A,A,S,C,P,V,L,T,C,G,P,M,R,F,I,H,M,P,L,R,Q,F,C,R,L,G,S,M,K,D,L,S,W,E,T,H
161,E,Q,Q,V,V,Y,V,F,Q,R,Q,M,M,A,A,H,F,E,S,F,T,M,Y,T,G,R,V,A,N,D,H,N,Y,T,E,V,P,E,I,Q,S,V,V,R,F,W,L,Q,S,C,K,V,G,S,T,Y,E,L,D,Q,T,K,M,M,H,V,A,S,C,P,V,L,T,C,G,P,A,N,K,T,L,W,W,G,Y,I,P,I,Q,H,Y,H,I,Y,P,S,E,T,N,V
162,D,K,F,I,C,Q,I,A,S,C,P,V,L,T,C,G,P,M,W,L,N,F,Y,Q,A,M,A,G,A,P,N,K,N,K,R,V,W,H,D,P,S,C,Y,M,H,D,F,A,Y,D,E,C,M,Y,Y,S,M,N,A,P,H,M,K,S,E,P,R,Y,H,W,Y,K,F,A,F,E,G,Y,V,N,Q,K,E,E,E,M,D,S,T,W,G,N,R,A,W,W,D,V,Q,V
163,V,K,Q,F,C,W,C,A,R,C,P,V,L,T,C,G,P,W,L,K,L,S,K,K,M,M,S,N,N,T,I,W,T,P,T,Q,I,V,D,N,R,Q,Q,N,F,A,D,H,P,I,L,D,V,F,P,S,L,L,G,D,Q,H,K,K,L,F,S,G,R,M,F,S,N,Q,F,K,M,I,W,I,R,E,T,W,K,Y,K,S,F,T,N,L,C,C,Q,A,L,Y,S,K
164,G,R,A,M,W,H,L,A,C,S,P,S,R,S,A,K,K,F,C,T,N,P,G,Y,L,A,S,L,V,D,Y,N,E,C,R,A,D,L,Q,K,A,H,H,S,E,H,L,P,L,Q,H,F,L,N,Y,Q,W,W,P,G,A,D,N,N,P,F,M,P,K,I,F,L,H,T,H,F,C,F,G,F,D,H,K,G,M,T,E,S,F,A,S,C,P,V,L,A,C,G,P,W
165,W,G,H,D,K,F,L,Y,K,H,K,L,D,V,P,N,V,E,W,K,K,N,H,G,W,T,A,K,R,H,P,Q,E,A,G,C,S,P,S,H,R,V,V,L,D,T,K,Y,S,V,H,R,W,Y,T,R,V,A,Y,K,A,A,E,T,E,Y,L,H,A,R,A,F,N,R,F,Q,A,S,P,P,V,L,T,C,G,P,V,Q,S,K,W,N,C,C,M,F,G,P,G,S
166,A,M,I,G,I,R,G,A,D,N,N,W,I,Y,Y,C,D,L,G,E,C,K,V,E,S,T,I,D,E,S,L,N,E,C,P,R,N,I,P,V,P,E,T,W,S,R,L,F,P,T,S,T,P,K,H,Q,E,N,F,S,N,S,C,P,V,L,T,C,G,P,P,I,W,E,F,N,V,Y,P,Y,Y,T,A,F,Q,F,D,P,A,N,P,V,E,Q,W,P,K,K,M,V
167,T,G,F,Q,K,P,D,G,G,R,V,K,G,I,E,W,D,K,G,L,V,E,L,G,T,E,K,C,L,K,W,F,V,S,L,A,I,D,V,K,Q,V,A,P,C,A,Q,E,R,D,L,D,R,I,C,L,M,P,A,S,C,P,V,L,T,C,G,P,K,N,H,N,K,M,W,W,D,D,Y,F,Q,S,R,N,N,D,R,G,Y,R,A,L,T,L,G,N,T,F,Y,R
168,L,G,G,I,V,G,S,D,E,V,D,T,L,V,N,N,M,F,M,T,E,I,R,G,L,R,V,T,V,S,E,F,T,T,V,A,G,A,S,C,P,V,L,T,C,G,P,C,A,K,N,Y,A,I,C,F,Q,Y,M,D,M,P,A,V,K,T,P,L,G,I,K,V,W,W,F,Y,S,P,N,R,L,C,R,Y,P,E,S,H,S,H,E,S,P,Y,Q,P,M,Q,I,I
169,N,D,F,A,T,M,F,E,E,L,F,M,F,M,D,C,S,Q,S,D,H,A,E,L,I,C,N,W,A,D,D,A,F,T,L,N,I,N,Q,T,T,T,F,T,G,R,S,A,N,R,K,C,F,I,L,Q,H,Q,G,K,I,I,K,P,Y,Y,N,A,S,E,C,M,N,A,S,C,P,V,L,T,C,G,P,T,T,I,E,S,Y,T,G,G,P,F,E,G,S,R,H,I
170,H,R,W,M,L,C,Y,A,N,M,Q,A,D,F,G,D,S,T,W,I,I,N,D,Q,H,K,Q,S,F,Q,C,N,F,M,R,A,I,I,Q,D,P,D,V,G,Y,H,P,D,F,V,E,S,W,G,S,G,W,H,F,C,F,S,A,V,L,M,W,G,Q,S,D,R,R,Q,T,G,H,H,D,I,L,N,G,W,A,S,H,P,V,L,T,C,G,P,N,Y,V,W,S,G
171,F,N,Y,G,D,P,F,A,M,I,M,H,S,L,R,N,L,I,N,N,S,R,D,D,A,Y,L,W,H,D,P,M,Q,H,F,M,Q,F,M,C,Q,D,P,L,C,I,F,S,M,P,K,N,V,P,V,F,V,K,G,W,N,C,S,I,I,T,C,Q,W,D,M,Q,D,H,K,G,N,E,I,Y,G,K,Q,T,W,Q,P,A,S,C,P,V,L,T,C,G,P,A,Q,N
172,E,T,F,N,A,S,L,N,T,C,G,M,P,N,I,H,R,C,A,S,V,P,V,L,T,K,G,P,M,V,I,Q,D,N,E,D,C,D,T,T,C,K,K,Y,F,M,A,K,I,W,H,W,L,N,E,I,F,G,T,Q,C,A,S,C,R,S,P,R,N,Y,V,N,R,L,H,Q,W,Q,L,Q,H,P,L,V,Y,Q,F,A,N,I,I,K,F,G,L,H,Q,N,E,T
173,Q,D,T,Y,G,Q,C,S,C,P,V,G,T,C,G,P,G,N,D,G,F,N,G,E,A,T,Y,L,N,D,Y,L,E,G,Q,L,N,K,K,Q,M,W,E,H,I,A,D,C,R,H,L,Y,V,T,L,R,W,L,N,M,P,S,S,G,K,C,H,I,D,A,D,H,M,I,K,I,V,H,C,F,Y,S,W,A,W,R,L,V,E,Y,T,K,V,P,Q,Y,E,G,E,Y
174,V,R,K,C,W,F,V,N,T,S,V,W,H,E,F,A,E,I,A,S,C,N,V,L,T,C,G,P,V,P,T,M,K,S,A,L,K,H,Q,D,Y,G,Y,K,E,C,S,C,N,K,D,L,H,S,W,F,M,I,L,K,K,P,E,T,F,M,S,N,D,L,N,H,T,E,R,I,T,D,K,G,C,T,G,P,P,E,W,C,H,R,D,H,P,T,P,N,T,E,V,T
175,P,I,I,K,R,N,M,A,D,C,C,A,G,Q,A,S,C,P,V,L,T,C,G,P,V,G,V,Q,F,T,F,D,C,L,A,D,C,H,G,S,S,W,Y,L,N,G,V,V,A,F,L,D,D,F,S,W,L,V,M,Q,S,C,M,D,W,W,L,S,D,R,N,I,L,V,M,A,K,C,R,S,R,Q,S,F,C,R,T,Q,V,A,Y,M,N,F,E,V,P,L,V,Q
176,H,T,A,H,K,M,S,K,Q,V,C,T,N,L,T,I,V,I,P,N,I,M,T,M,G,Y,R,V,V,I,F,M,G,V,F,H,F,P,E,H,E,G,W,I,A,I,M,M,W,Y,I,C,Q,M,L,W,S,C,S,D,Y,F,Q,R,S,Q,Q,Q,M,F,A,Y,N,D,A,D,C,M,E,F,G,I,P,A,S,C,P,V,L,T,C,F,P,R,I,Q,M,Y,V,S
177,A,Y,S,C,P,V,L,T,C,G,P,L,K,G,C,I,N,F,S,N,D,H,L,D,P,M,I,Y,T,Y,A,I,D,Y,S,E,Y,F,V,S,L,F,G,L,I,F,W,R,K,A,D,D,S,R,P,N,F,R,A,R,Q,S,L,Y,P,V,Y,Q,T,N,Y,A,S,A,I,K,W,M,F,E,H,A,D,P,K,Y,A,Y,V,E,G,V,A,H,E,D,Q,Y,L,V
178,Q,A,A,I,T,F,Q,Y,F,Y,T,S,V,F,T,Y,H,Q,K,I,F,L,I,F,Q,N,S,W,E,K,V,C,F,W,P,E,P,G,C,T,K,P,G,T,S,C,G,I,S,C,V,Q,K,K,G,I,Q,Y,M,W,A,S,C,M,V,L,T,C,G,P,M,E,G,N,N,Y,A,D,F,R,H,G,M,G,Q,G,R,N,L,Q,H,A,S,K,H,I,K,D,L,L
179,F,W,V,F,V,K,M,R,E,T,H,I,I,Y,I,D,A,F,C,P,V,L,C,D,G,P,I,T,E,V,P,F,L,F,K,V,P,K,S,N,C,A,F,L,S,H,P,C,M,I,Q,C,P,A,L,I,L,Q,A,H,S,T,Y,K,N,E,S,I,D,G,V,V,A,A,Y,L,L,K,P,L,P,Q,S,W,T,P,M,M,W,V,R,F,F,V,A,W,G,P,C,H
180,H,D,K,S,V,A,W,H,D,A,Q,D,V,Q,W,L,Y,Y,Q,R,M,Q,A,Q,H,S,V,G,R,N,K,K,F,Q,Q,Q,C,T,S,F,F,S,E,M,F,H,L,P,N,S,P,Q,V,K,Y,W,Y,I,M,A,I,Y,T,T,C,A,H,K,A,S,C,P,V,L,K,C,G,P,Y,Q,C,C,A,I,C,C,C,I,E,S,P,K,R,I,D,F,D,G,Q,D
181,Q,W,R,A,A,G,R,V,C,D,T,A,V,C,Y,G,C,P,Y,N,A,E,D,R,V,F,I,Q,A,T,K,V,P,V,T,A,K,A,C,C,Q,C,A,S,C,P,V,L,T,C,G,P,S,D,C,H,I,I,T,F,E,P,D,A,N,H,S,N,C,G,E,F,L,Y,I,M,Q,K,D,E,H,I,V,R,R,D,I,W,M,C,I,K,T,W,M,T,F,P,K,M
182,R,T,N,L,I,M,H,K,D,D,T,E,I,D,I,E,W,Y,N,L,C,E,A,G,E,L,C,W,N,K,H,A,S,P,P,V,L,T,C,G,P,D,D,W,Y,A,P,Y,F,N,E,C,C,R,A,D,K,Q,G,M,N,F,F,W,Y,C,G,A,L,R,N,G,Q,K,F,E,I,K,S,K,P,Y,K,T,E,A,H,T,R,C,Q,Q,E,H,E,K,R,R,A,M
183,H,A,N,N,G,Y,I,A,S,E,A,S,C,P,V,L,T,C,G,P,V,M,K,A,H,C,S,K,H,N,E,K,T,P,W,H,C,V,Y,I,D,P,P,H,S,H,N,C,M,Q,M,C,W,M,H,H,C,C,G,K,G,Y,I,A,A,H,N,A,M,P,W,I,Q,S,M,N,R,Y,G,W,F,I,A,M,R,Y,T,S,V,V,M,D,Y,I,L,H,F,S,T,D
184,N,L,Q,R,M,P,G,V,M,C,T,D,K,E,W,Q,N,V,D,I,D,S,K,D,E,R,S,R,E,H,E,M,L,M,T,W,I,F,K,N,G,K,Q,K,T,C,L,A,S,C,P,V,L,T,C,G,P,G,M,G,S,T,E,R,V,D,M,P,W,D,L,M,S,C,V,R,A,M,D,M,W,T,D,D,W,M,Y,E,P,G,K,S,L,V,T,M,I,H,F,C
185,G,L,V,R,E,N,A,Y,A,S,C,P,V,L,T,C,G,P,Q,Q,W,S,A,A,N,D,H,F,K,V,C,Y,C,H,F,T,R,Q,M,K,T,R,T,C,M,N,A,H,K,E,G,R,K,L,Q,S,G,L,C,I,R,W,F,V,V,R,V,F,S,P,G,Y,K,G,L,M,C,A,F,W,I,G,Q,W,I,A,T,Q,V,T,Y,W,R,C,K,M,P,L,F,H
186,T,L,E,Q,V,I,L,W,T,W,M,T,T,M,R,G,Y,R,A,T,L,Q,P,L,A,T,W,L,S,L,K,A,D,L,K,N,W,Y,A,I,E,V,M,N,K,R,S,A,E,N,N,W,E,T,A,E,F,A,V,C,P,V,L,L,C,Q,P,L,D,M,P,L,K,Q,P,D,P,M,E,C,H,W,K,L,M,Y,A,S,K,A,M,C,M,W,F,Q,D,F,C,S
187,C,H,F,A,V,N,M,E,P,C,G,M,P,I,T,W,A,K,Q,N,P,I,R,W,H,S,M,D,C,G,E,S,A,S,C,P,V,L,T,C,G,Y,Y,L,Y,C,S,T,D,S,F,Y,F,Q,H,A,L,G,F,L,M,R,N,D,G,E,P,Q,F,D,G,Y,A,D,M,W,R,V,M,Y,D,P,C,T,A,R,W,L,I,N,D,V,H,R,I,S,L,I,P,N
188,P,S,E,F,T,C,C,W,Q,C,Q,H,A,S,K,A,Y,V,R,F,D,Q,L,V,A,P,L,A,K,D,K,D,M,C,D,C,S,D,A,I,I,N,F,M,T,I,Q,H,D,K,M,E,A,S,G,P,V,L,T,C,G,P,S,G,R,R,G,V,Q,T,V,E,S,N,E,W,C,M,R,I,E,T,S,S,L,M,V,W,V,A,P,I,A,W,G,P,R,H,R,A
189,I,K,D,I,P,E,D,V,E,S,N,P,H,L,H,D,D,T,Y,G,L,W,V,G,L,K,R,H,E,S,S,S,L,W,I,G,Q,E,M,I,S,V,L,R,Y,S,T,R,E,M,A,A,S,C,P,V,L,T,C,G,P,L,N,R,P,N,R,I,G,D,I,Q,F,T,M,Q,Q,C,D,E,H,Q,S,M,N,K,C,T,Y,R,L,F,D,R,C,E,I,V,Q,S
190,K,Q,R,H,F,V,G,E,A,S,M,E,T,Y,S,P,V,E,L,E,G,N,S,Q,L,D,A,F,K,L,W,A,A,S,C,R,V,L,T,C,Q,P,A,Y,L,Y,P,N,A,H,A,I,A,K,D,F,F,Q,E,G,R,R,Y,P,S,R,R,P,H,L,N,L,D,A,W,P,N,N,W,R,F,Q,V,V,R,A,W,C,T,M,R,V,N,V,M,T,Q,T,A,L
191,W,C,T,E,G,S,F,I,A,R,Y,M,T,Y,T,S,Q,C,M,Q,G,F,S,I,G,G,N,D,L,R,K,T,Q,D,N,A,L,T,F,T,A,C,V,D,V,K,G,N,C,K,A,S,N,R,Y,T,D,D,K,A,S,C,P,V,L,T,C,G,P,M,W,F,L,L,I,A,I,M,K,Y,P,G,L,E,W,R,E,C,L,W,W,R,R,R,C,R,F,Y,A,E
192,N,R,M,Y,F,E,W,H,T,Y,Q,A,N,E,W,S,K,D,N,D,D,L,M,F,I,A,M,K,H,C,Q,S,S,P,S,I,V,F,D,H,H,C,Q,F,T,Q,P,W,H,T,D,G,G,S,D,L,G,I,G,N,A,P,W,N,A,C,C,P,V,Q,T,C,G,P,H,L,S,Q,E,T,R,G,L,W,H,H,E,M,K,N,N,F,V,R,F,M,N,M,Y,T
193,I,L,A,S,T,P,V,L,T,C,G,P,M,F,C,Q,I,Q,H,T,D,C,Y,G,A,W,W,W,Q,Q,C,M,F,W,M,I,A,R,Q,S,C,I,I,V,K,Q,D,W,M,N,G,A,Y,D,R,D,K,W,Y,P,K,N,H,E,V,D,R,Y,F,P,H,N,S,M,S,Y,M,R,Y,N,D,G,P,P,C,G,V,Q,W,Q,P,D,Q,T,M,Q,N,I,N,C
194,V,P,E,W,N,E,F,I,V,R,S,L,M,P,V,E,C,G,V,Q,N,T,Y,A,I,P,S,A,C,A,G,D,D,F,C,C,G,G,T,G,K,N,V,Q,F,V,N,W,E,Y,S,W,Y,V,Q,K,A,I,E,V,N,R,T,L,G,L,F,Q,G,V,A,A,V,S,C,P,V,L,T,C,G,P,N,M,H,S,Y,E,D,H,G,F,E,T,M,V,R,K,T,P
195,I,T,E,I,Q,P,A,S,E,D,P,W,M,A,I,P,R,M,A,M,G,R,D,C,G,V,W,S,C,P,V,L,H,C,G,T,G,M,Y,A,N,V,A,W,S,S,N,H,P,W,P,W,T,Y,L,V,G,L,Y,C,V,W,P,S,W,T,R,A,H,H,N,W,R,I,T,G,T,W,V,M,E,F,C,M,G,I,I,P,F,N,R,R,V,H,F,S,N,I,S,E
196,C,F,F,P,H,I,L,R,N,F,S,Y,T,N,F,V,C,Y,M,C,R,L,I,W,F,V,R,D,C,R,W,H,T,H,D,S,D,N,C,K,D,L,V,L,M,Q,Y,N,H,Y,D,M,S,V,A,G,S,H,M,F,K,I,W,H,E,P,A,E,C,P,V,L,V,C,G,P,Q,V,H,S,M,V,S,F,W,G,D,N,P,H,V,C,C,E,W,H,P,I,H,H
197,Q,N,W,F,R,M,S,Y,E,I,E,T,E,N,I,L,E,R,T,S,K,R,V,I,S,G,E,S,E,Q,N,G,R,N,G,D,F,D,S,F,L,D,S,R,P,L,R,L,W,D,T,L,C,D,P,M,T,F,A,S,C,P,V,L,T,L,G,P,M,T,W,G,P,I,E,E,Y,D,S,S,I,A,Y,L,R,A,L,V,T,S,Q,Q,Y,W,T,S,E,D,S,P
198,K,F,Q,F,S,M,L,A,M,C,P,V,L,T,C,G,P,A,Q,H,S,F,K,E,T,H,A,Y,F,S,V,G,W,G,P,P,N,I,K,C,A,Q,T,R,K,N,N,M,L,V,L,I,P,Y,S,C,S,D,K,G,W,P,G,D,H,R,N,Q,Y,L,Q,M,K,C,K,L,E,Y,W,G,K,S,K,E,P,F,V,C,L,I,N,S,E,D,S,Y,Q,H,M,A
199,D,Q,N,D,V,A,S,C,P,V,N,T,C,G,P,M,S,M,W,E,M,T,L,I,D,R,L,L,N,I,H,Q,M,D,M,H,L,Y,C,N,T,L,Y,V,D,Q,R,T,S,V,Y,V,Y,F,M,T,E,K,T,D,P,S,T,Y,Q,Q,L,M,S,I,C,T,S,G,D,E,K,T,V,P,K,V,H,S,C,F,S,I,I,C,T,T,K,H,M,R,E,L,G,W
